id1,id2,id3,id4,id5,id6,sud01,sud01e,sud02,sud02e,sud03,sud03e,sud04,sud04e,sud05,sud05e,sud06,sud06e,sud07,sud07e,sud08,sud08e,sud09,sud09e,sud10,sud10e,sud11,sud11e,sud12,sud12e,suc01,suc01e,suc02,suc02e,suc03,suc03e,suc04,suc04e,suc05,suc05e,suc06,suc06e,suc07,suc07e,suc08,suc08e,suc09,suc09e,suc10,suc10e,suc11,suc11e,suc12,suc12e,sut01,sut01e,sut02,sut02e,sut03,sut03e,sut04,sut04e,sut05,sut05e,sut06,sut06e,sut07,sut07e,sut08,sut08e,sut09,sut09e,sut10,sut10e,sut11,sut11e,sut12,sut12e,zps,zpc,zr1,zr2,zr3,zcca,zccb,zccc,zccd,zcce,zcrg0,zcrg1,zcrg2,zcrg3,zcrg4,zcrg5,zcrg6,zcrg7,zcrg8,zcrg9,zs61,zs62,zccf,zccs,zccg,zccc_o,zccd_o,zcce_o,zccf_o,zccg_o,zs61_o,zs62_o,zccc_g,zccd_g,zcce_g,zccf_g,zccg_g,zs61_g,zs62_g
אבי דבוש,זכר,50,כן,,,9,80,10,90,10,95,,,9,85,9,85,,,9,85,8,80,,,,,9,90,8,70,9,85,10,90,,,9,85,8,80,,,9,85,7,70,,,,,9,90,8,75,9,85,9,85,,,8,80,8,80,,,9,85,8,80,,,,,8,80,שילוב,בינוני,9,1,10,9.1,1,8.2,שליחות,95,,,,,,,,,,,5,8,"רזומה עשיר בפעילות חברתית, סביבתית וניהולית, עם דגש חזק על נושאי ליבה ונושאים בחשיבות גבוהה. פעילותו העכשווית, במיוחד כמנכ""ל ""רבנים לזכויות אדם"", התייצבותו בשטחים ומובילותו במחאה בנגב, מעידה על רלוונטיות גבוהה ואפקטיבית בתוך חלון הזמן הנדרש.",g,"סיפור חייו כבן פריפריה מזרחי-דתי, פעילותו רבת השנים למען צדק חברתי וזכויות אדם, והתייצבותו העקבית גם לאחר אירועי 7.10, מצביעים על מחויבות עמוקה וערכית.",7.5,תיקון,92,"רזומה חברתי־פריפריאלי חזק: מנכ""ל קול רבני לזכויות אדם, ממייסדי מועצת הנגב, התנועה לעתיד הנגב המערבי ותנועת הפריפריות, פעיל סביבתי־חברתי ותיק ותושב נירים.","הוא קושר את ההתמודדות לחוויית 7 באוקטובר, לחיים בעוטף, לפריפריות ולצורך במהפך פוליטי.",,,8.2,שליחות,95,"רזומה עשיר בפעילות חברתית, סביבתית וניהולית, עם דגש חזק על נושאי ליבה ונושאים בחשיבות גבוהה. פעילותו העכשווית, במיוחד כמנכ""ל ""רבנים לזכויות אדם"", התייצבותו בשטחים ומובילותו במחאה בנגב, מעידה על רלוונטיות גבוהה ואפקטיבית בתוך חלון הזמן הנדרש.","סיפור חייו כבן פריפריה מזרחי-דתי, פעילותו רבת השנים למען צדק חברתי וזכויות אדם, והתייצבותו העקבית גם לאחר אירועי 7.10, מצביעים על מחויבות עמוקה וערכית.",5,8
אבתיסאם מראענה-מנוחין,נקבה,50,לא,,,7,60,,,8,85,,,9,90,8,85,,,8,85,7,50,,,8,85,,,,,,,8,85,,,8,90,,,,,8,90,,,,,9,95,,,7,60,,,8,85,,,9,90,9,90,,,7,80,7,50,,,8,90,,,שילוב,—,6,5,6,7.9,,7.8,שליחות,90,,,,,,,,,,,0,4,"מראענה-מנוחין מביאה רזומה ייחודי של יוצרת קולנוע ופעילה חברתית, עם כהונה כח""כית. רלוונטיותה העכשווית מתבטאת בהמשך עשייתה התקשורתית והציבורית סביב נושאי ליבה של שותפות יהודית-ערבית וזכויות מיעוטים, במיוחד מאז ינואר 2023, המעידה על יכולת השפעה תרבותית-חברתית עמוקה.",g,"סיפור חייה כבת לכפר ערבי פריפריאלי, בתוך חברה שמרנית ובמציאות של אפליה מוסדית, לצד עשייתה הקולנועית והציבורית ארוכת השנים, מעידים על מחויבות עמוקה לתיקון חברתי ושוויון.",8.0,קריירה,76,"רזומה פרלמנטרי וציבורי חזק: ח""כית לשעבר מטעם העבודה, יו""ר הוועדה המיוחדת לעובדים זרים, ולפני כן יוצרת קולנוע, טלוויזיה ואשת תקשורת. החוזקה היא שילוב של ייצוג ערבי־ישראלי, זכויות, עובדים זרים ויכולת תקשורתית; החולשה היא כהונה פרלמנטרית קצרה יחסית.","הכניסה המחודשת לפוליטיקה נראית כהמשך למסלול ציבורי־תקשורתי ופרלמנטרי שכבר נבנה סביב ייצוג, זכויות וחברה משותפת.",,,7.8,שליחות,90,"מראענה-מנוחין מביאה רזומה ייחודי של יוצרת קולנוע ופעילה חברתית, עם כהונה כח""כית. רלוונטיותה העכשווית מתבטאת בהמשך עשייתה התקשורתית והציבורית סביב נושאי ליבה של שותפות יהודית-ערבית וזכויות מיעוטים, במיוחד מאז ינואר 2023, המעידה על יכולת השפעה תרבותית-חברתית עמוקה.","סיפור חייה כבת לכפר ערבי פריפריאלי, בתוך חברה שמרנית ובמציאות של אפליה מוסדית, לצד עשייתה הקולנועית והציבורית ארוכת השנים, מעידים על מחויבות עמוקה לתיקון חברתי ושוויון.",0,4
אומיימה חאמד,נקבה,50,כן,,,,0,,0,,0,,0,,0,,0,,0,,0,,0,,0,,0,,0,,0,,0,,0,,0,,0,,0,,0,,0,,0,,0,,0,,0,,0,,0,,0,,0,,30,,0,,0,,0,,0,,0,,0,,0,לא ידוע,נמוך,,,,,1,7.2,שליחות,90,,,,,,,,,,,0,0,"אומיימה חאמד מביאה ניסיון עשיר ומוכח בבניית שותפויות יהודיות-ערביות, קידום שוויון זכויות ופיתוח כלכלי-חברתי. פעילותה הענפה בתקופת המשבר (מינואר 2023) בתחומים אלו, כולל הקמת ""פורום נשים ערביות למנהיגות"" והובלת יוזמות לחיזוק החברה הערבית, מעניקה לה רלוונטיות עכשווית גבוהה.",g,"מסלול חייה ועשייתה הציבורית רבת השנים, בדגש על קידום שוויון ושותפות בחברה הערבית והישראלית, מעידים על מחויבות עמוקה וערכית.",6.5,תיקון,80,"הרזומה שלה כולל עריכת דין וגישור, התמחות בדיני משפחה ודין שרעי, ייצוג קטינים ונוער בסיכון, פעילות חברתית ופוליטית וחברות במוסדות מרצ.","העוגן הוא פעילות משפטית וחברתית עם אוכלוסיות מוחלשות, נשים, נוער בסיכון והחברה הערבית.",,,7.2,שליחות,90,"אומיימה חאמד מביאה ניסיון עשיר ומוכח בבניית שותפויות יהודיות-ערביות, קידום שוויון זכויות ופיתוח כלכלי-חברתי. פעילותה הענפה בתקופת המשבר (מינואר 2023) בתחומים אלו, כולל הקמת ""פורום נשים ערביות למנהיגות"" והובלת יוזמות לחיזוק החברה הערבית, מעניקה לה רלוונטיות עכשווית גבוהה.","מסלול חייה ועשייתה הציבורית רבת השנים, בדגש על קידום שוויון ושותפות בחברה הערבית והישראלית, מעידים על מחויבות עמוקה וערכית.",0,0
אורי זכי,זכר,51,כן,,,9,90,,,9,80,,,9,85,10,95,,,,,8,60,9,85,,,,,8,85,,,7,75,,,8,80,8,85,,,,,,,8,80,,,,,9,90,,,8,80,,,8,80,9,90,,,,,,,8,80,,,,,שילוב,—,8,3,3,9.0,,7.8,שליחות,90,,,,,,,,,,,4,7,"זכי מביא ניסיון עשיר ומוכח באקטיביזם וקידום מדיניות, בעיקר בתחומי דמוקרטיה, שלטון החוק וזכויות אדם. פעילותו הענפה ב""בצלם"" וב""הקרן החדשה לישראל"" מעידה על יכולת הובלה והשפעה, והוא היה פעיל ורלוונטי מאוד בתקופת המשבר מינואר 2023.",g,"פעילותו רבת השנים בארגוני חברה אזרחית המקדמים ערכים דמוקרטיים וזכויות אדם, והתייצבותו העקבית סביב נושאים אלו, מעידים על מחויבות עמוקה וארוכת טווח.",7.9,שליחות,88,"רזומה פוליטי־ארגוני משמעותי: יו""ר הנהלת מרצ, יו""ר מרכז הרצל, מייסד החזית להגנת הדמוקרטיה, ובעל עבר ארוך בפעילות שלום, יוזמת ז'נבה וארגונים פוליטיים. אין לו ניסיון כנסת, אך יש לו עומק מפלגתי, אידיאולוגי וניהולי בזירה הציבורית.","העוגן הוא רצף ארוך של פעילות למען שלום, דמוקרטיה ומרצ, כולל תפקידים מפלגתיים וציבוריים לאורך שנים.",,,7.8,שליחות,90,"זכי מביא ניסיון עשיר ומוכח באקטיביזם וקידום מדיניות, בעיקר בתחומי דמוקרטיה, שלטון החוק וזכויות אדם. פעילותו הענפה ב""בצלם"" וב""הקרן החדשה לישראל"" מעידה על יכולת הובלה והשפעה, והוא היה פעיל ורלוונטי מאוד בתקופת המשבר מינואר 2023.","פעילותו רבת השנים בארגוני חברה אזרחית המקדמים ערכים דמוקרטיים וזכויות אדם, והתייצבותו העקבית סביב נושאים אלו, מעידים על מחויבות עמוקה וארוכת טווח.",4,7
איהאב שליאן,זכר,45,לא ידוע,,,,,,,,,,,,,,,,,,,,,,,,,,,,,,,,,,,,,,,,,,,,,,,,,,,,,,,,,,,,,,,,,,,,,,,,,,,,,,,,,,6.8,שליחות,85,,,,,,,,,,,0,0,"שליאן מביא ניסיון עשיר מהשלטון המקומי ופעילות חברתית משמעותית, עם דגש על שותפות יהודית-ערבית וחינוך. פעילותו בתקופת המשבר (מינואר 2023) פחות בולטת בהקשרים הלאומיים המרכזיים, אך ממשיך בעשייה מקומית וחיבור לקהילה.",g,"עשייתו רבת השנים בשלטון המקומי ובארגונים חברתיים, המעידה על מחויבות עמוקה לקהילה ולקידום שותפות יהודית-ערבית.",7.4,שליחות,82,"הרזומה כולל דרגת סא""ל במילואים ויו""ר עמותת הקול הנוצרי, עם עיסוק מובהק בביטחון, ייצוג נוצרים בישראל ושותפות אזרחית.","העוגן הוא פעילות ציבורית סביב הקול הנוצרי בישראל, הגנה על קהילות נוצריות ושילוב אזרחי־ביטחוני.",,,6.8,שליחות,85,"שליאן מביא ניסיון עשיר מהשלטון המקומי ופעילות חברתית משמעותית, עם דגש על שותפות יהודית-ערבית וחינוך. פעילותו בתקופת המשבר (מינואר 2023) פחות בולטת בהקשרים הלאומיים המרכזיים, אך ממשיך בעשייה מקומית וחיבור לקהילה.","עשייתו רבת השנים בשלטון המקומי ובארגונים חברתיים, המעידה על מחויבות עמוקה לקהילה ולקידום שותפות יהודית-ערבית.",0,0
איילת השחר סיידוף,נקבה,47,לא ידוע,,,9,85,,,9,90,10,95,,,9,90,,,9,85,10,90,,,,,,,8,80,,,9,90,10,95,,,9,85,,,8,80,9,90,,,,,,,9,85,,,9,90,10,95,,,9,90,,,8,80,10,90,,,,,,,לוחם וברור,גבוה,10,6,4,9.3,1,7.8,תיקון,85,,,,,,,,,,,0,0,"סיידוף מביאה ניסיון עשיר בניהול מערכות ציבוריות מורכבות, עם דגש על חדשנות וטכנולוגיה. פעילותה הציבורית והתייצבותה סביב נושאי דמוקרטיה ושלטון החוק מינואר 2023 מחזקת את רלוונטיותה לתקופה.",g,"פעילותה הבולטת והעקבית למען הדמוקרטיה ושלטון החוק מאז ינואר 2023, המעידה על רצון לתקן כשלים מערכתיים.",7.0,תיקון,90,"הרזומה שלה מבוסס על משפט, מחאה אזרחית והקמת אימהות בחזית, עם פעילות ממוקדת בנושא גיוס חרדים ושוויון בנטל.",העוגן הוא הקמת תנועת אימהות בחזית והמאבק המתמשך לתיקון אי־השוויון בגיוס.,,,7.8,תיקון,85,"סיידוף מביאה ניסיון עשיר בניהול מערכות ציבוריות מורכבות, עם דגש על חדשנות וטכנולוגיה. פעילותה הציבורית והתייצבותה סביב נושאי דמוקרטיה ושלטון החוק מינואר 2023 מחזקת את רלוונטיותה לתקופה.","פעילותה הבולטת והעקבית למען הדמוקרטיה ושלטון החוק מאז ינואר 2023, המעידה על רצון לתקן כשלים מערכתיים.",0,0
אמילי מואטי,נקבה,45,לא,,,9,85,8,85,8,70,,,9,80,10,95,,,8,70,,,,,8,80,,,7,80,7,80,5,50,,,6,60,8,85,,,4,40,,,,,8,90,,,8,85,8,80,7,60,,,8,70,9,90,,,7,60,,,,,7,70,,,מגשר ורגוע,גבוה,6,8,9,8.6,1,7.8,שליחות,90,,,,,,,,,,,6.0,7.5,"מואטי מביאה רקע עשיר בתקשורת וקמפיינינג, ניסיון פרלמנטרי משמעותי כח""כית וסגנית יו""ר הכנסת, ופעילות ענפה ורלוונטית במטה משפחות החטופים (2023-2026) שמעידה על יכולות דיפלומטיות וארגוניות. עומק התמחותה בנושאי חברה, חינוך וזהות מזרחית, בשילוב עם עמדות מדיניות ברורות, מקנה לה סמכות ויכולת השפעה.",g,"ביוגרפיית העוני והמוביליות האישית שלה, אותה היא מציגה כ""טעות סטטיסטית"" שנועדה לאפשר לילדים מרקע דומה לחלום, לצד עקביות בעמדות חברתיות ומדיניות לאורך זמן.",7.3,קריירה,75,"רזומה פרלמנטרי ברור: ח""כית לשעבר, סגנית יו""ר הכנסת וראש משלחת הכנסת למועצת אירופה, לצד ניסיון תקשורתי וציבורי.",ההתמודדות מוצגת כהמשך ישיר למסלול פוליטי־פרלמנטרי קודם ולחזרה לעשייה בכנסת.,,,7.8,שליחות,90,"מואטי מביאה רקע עשיר בתקשורת וקמפיינינג, ניסיון פרלמנטרי משמעותי כח""כית וסגנית יו""ר הכנסת, ופעילות ענפה ורלוונטית במטה משפחות החטופים (2023-2026) שמעידה על יכולות דיפלומטיות וארגוניות. עומק התמחותה בנושאי חברה, חינוך וזהות מזרחית, בשילוב עם עמדות מדיניות ברורות, מקנה לה סמכות ויכולת השפעה.","ביוגרפיית העוני והמוביליות האישית שלה, אותה היא מציגה כ""טעות סטטיסטית"" שנועדה לאפשר לילדים מרקע דומה לחלום, לצד עקביות בעמדות חברתיות ומדיניות לאורך זמן.",6.0,7.5
אמיר חניפס,זכר,51,לא,,,10,90,9,85,10,95,8,80,7,70,7,75,8,80,7,70,9,85,,,8,80,,,9,85,9,90,10,95,7,75,8,85,6,70,8,85,6,60,8,80,,,8,85,,,9,85,9,85,10,90,8,80,7,75,8,80,7,70,6,60,8,80,,,8,80,,,ממלכתי ואחראי,גבוה,8,5,9,8.3,1,7.8,שליחות,90,,,,,,,,,,,8.5,7.0,"רזומה ביטחוני עשיר ומוכח עם ניסיון פיקודי בכיר, כולל תפקידים משמעותיים בצה""ל ובמשרד הביטחון. פעילותו בתקופה האחרונה (מינואר 2023) מתמקדת בחיזוק החברה הדרוזית, שילובה בחברה הישראלית, וקידום שוויון, תוך התייצבות ברורה סביב ערכים דמוקרטיים ולכידות חברתית.",g,"מסלול חיים ארוך של שירות ציבורי וביטחוני, לצד פעילות ענפה למען החברה הדרוזית והחברה הישראלית כולה, המעידים על מחויבות עמוקה לתיקון וחיזוק המדינה.",7.4,שליחות,86,"רזומה מקצועי־אקדמי וציבורי חזק: ד""ר ליחסים בינלאומיים, חוקר ומרצה, יו""ר המרכז הישראלי־הדרוזי, יו""ר הפורום הדרוזי נגד חוק הלאום ויו""ר התנועה הדרוזית לדמוקרטיה ושוויון.","העוגן הוא פעילות מתמשכת סביב דמוקרטיה, שוויון והחברה הדרוזית בישראל.",,,7.8,שליחות,90,"רזומה ביטחוני עשיר ומוכח עם ניסיון פיקודי בכיר, כולל תפקידים משמעותיים בצה""ל ובמשרד הביטחון. פעילותו בתקופה האחרונה (מינואר 2023) מתמקדת בחיזוק החברה הדרוזית, שילובה בחברה הישראלית, וקידום שוויון, תוך התייצבות ברורה סביב ערכים דמוקרטיים ולכידות חברתית.","מסלול חיים ארוך של שירות ציבורי וביטחוני, לצד פעילות ענפה למען החברה הדרוזית והחברה הישראלית כולה, המעידים על מחויבות עמוקה לתיקון וחיזוק המדינה.",8.5,7.0
אפרת רייטן,נקבה,54,לא,,,9,95,8,85,9,90,8,80,7,60,6,50,8,80,9,95,8,85,,,9,90,,,9,95,9,95,9,95,8,85,6,50,,,7,75,9,95,8,85,,,9,95,,,9,95,9,90,9,90,8,80,6,50,,,9,90,9,90,8,85,,,10,95,,,ממלכתי ואחראי,בינוני,4,9,5,8.1,,8.8,שליחות,90,,,,,,,,,,,8.0,7.5,"רייטן מציגה רזומה עשיר ורלוונטי במיוחד לתקופה הנוכחית. היא שילוב נדיר של מוכרות ציבורית, עומק משפטי, ניסיון פרלמנטרי מוכח כיו""ר ועדה, ומנהיגות בולטת במאבקים על דמוקרטיה, שלטון חוק ושוויון בנטל מאז ינואר 2023.",g,"המעבר לפוליטיקה צמח מתוך ייצוג משפחות אסון נחל צפית, מה שהיא מתארת כהבנה של כשלי מערכת והצורך בתיקון מבפנים, והתחזק במאבקים על הדמוקרטיה ובעקבות 7 באוקטובר.",8.6,קריירה,82,"רזומה פרלמנטרי חזק: ח""כית מכהנת, יו""ר סיעת העבודה/הדמוקרטים בכנסת ה-25, לשעבר יו""ר ועדת העבודה והרווחה וחברה בוועדה לבחירת שופטים. מיקוד בולט ברווחה, זכויות חברתיות ומוסדות שלטון.","המשך כהונתה נראה כהמשך ישיר למסלול ציבורי־פרלמנטרי קיים, כיו""ר סיעה וכמי שכבר כיהנה בתפקיד ועדה מרכזי.",,,8.8,שליחות,90,"רייטן מציגה רזומה עשיר ורלוונטי במיוחד לתקופה הנוכחית. היא שילוב נדיר של מוכרות ציבורית, עומק משפטי, ניסיון פרלמנטרי מוכח כיו""ר ועדה, ומנהיגות בולטת במאבקים על דמוקרטיה, שלטון חוק ושוויון בנטל מאז ינואר 2023.","המעבר לפוליטיקה צמח מתוך ייצוג משפחות אסון נחל צפית, מה שהיא מתארת כהבנה של כשלי מערכת והצורך בתיקון מבפנים, והתחזק במאבקים על הדמוקרטיה ובעקבות 7 באוקטובר.",8.0,7.5
גאלב סלאמנה,זכר,32,לא ידוע,,,,,,,,,,,,,,,,,,,,,,,,,,,,,,,,,,,,,,,,,,,,,,,,,,,,,,,,,,,,,,,,,,,,,,,,,,,,,,,,,,6.8,שליחות,90,,,,,,,,,,,0,0,"סלאמנה מביא ניסיון עשיר ומוכח מהמגזר הציבורי והחברה האזרחית, עם דגש על נושאי חברה, רווחה ושותפות יהודית-ערבית. פעילותו הענפה בתוך חלון הזמן הרלוונטי, במיוחד סביב אירועי אוקטובר 2023, מחזקת את רלוונטיותו העכשווית.",g,"מסלול חייו ופעילותו הציבורית רבת השנים, במיוחד בתקופות משבר, מעידים על מחויבות עמוקה לקידום שותפות ושוויון בחברה הישראלית.",5.9,שליחות,78,"הרזומה הציבורי הידוע נשען בעיקר על זהות ייצוגית, משפטית וקהילתית: עו""ד, ערבי־מוסלמי־בדואי מהצפון, צעיר יחסית. לא נמצא עוגן ברור לניסיון פרלמנטרי, ממשלי או ניהולי־ציבורי בכיר.","הוא מתאר את התמודדותו כבחירה לקחת אחריות מתוך שליחות, שותפות ותרומה למדינה.",,,6.8,שליחות,90,"סלאמנה מביא ניסיון עשיר ומוכח מהמגזר הציבורי והחברה האזרחית, עם דגש על נושאי חברה, רווחה ושותפות יהודית-ערבית. פעילותו הענפה בתוך חלון הזמן הרלוונטי, במיוחד סביב אירועי אוקטובר 2023, מחזקת את רלוונטיותו העכשווית.","מסלול חייו ופעילותו הציבורית רבת השנים, במיוחד בתקופות משבר, מעידים על מחויבות עמוקה לקידום שותפות ושוויון בחברה הישראלית.",0,0
גבי לסקי,נקבה,59,כן,,,9,90,,,8,75,,,8,70,9,85,,,7,70,8,70,,,,,9,85,9,95,,,7,70,,,6,60,6,65,,,6,65,7,70,,,,,8,85,9,90,,,8,80,,,8,85,9,90,,,7,70,8,80,,,,,6,50,לוחם וברור,גבוה,9,7,5,8.4,1,8.8,שליחות,95,,,,,,,,,,,6.0,8.5,"לסקי מביאה רזומה עשיר ורלוונטי במיוחד לתקופה הנוכחית, עם מומחיות עמוקה בזכויות אדם, דמוקרטיה ושלטון החוק. פעילותה הענפה כעורכת דין, פעילת שטח וחברת כנסת, ובמיוחד נוכחותה הבולטת במאבקים מינואר 2023 ואילך, מעניקה לה סמכות ורלוונטיות גבוהה.",g,"קריירה ארוכה ורצופה כעורכת דין ופעילת זכויות אדם, פמיניסטית ואשת סביבה, המעידה על מחויבות עמוקה ובלתי מתפשרת לערכים אלו.",8.3,שליחות,92,"רזומה חזק מאוד בתחומי זכויות אדם, דמוקרטיה ושטחים: ח""כית לשעבר, עו""ד לזכויות אדם, מזכ""לית שלום עכשיו לשעבר וחברת מועצת תל אביב־יפו לשעבר. יש גם הוכחת פעילות פרלמנטרית בנושאי פרטיות, אלימות משטרתית, כיבוש, סביבה ודיור ציבורי.","היא מתארת רצף של שנים בפעילות חוץ־פרלמנטרית ומשפטית, ולאחר מכן החלטה לשנות את המדיניות מהכנסת.",,,8.8,שליחות,95,"לסקי מביאה רזומה עשיר ורלוונטי במיוחד לתקופה הנוכחית, עם מומחיות עמוקה בזכויות אדם, דמוקרטיה ושלטון החוק. פעילותה הענפה כעורכת דין, פעילת שטח וחברת כנסת, ובמיוחד נוכחותה הבולטת במאבקים מינואר 2023 ואילך, מעניקה לה סמכות ורלוונטיות גבוהה.","קריירה ארוכה ורצופה כעורכת דין ופעילת זכויות אדם, פמיניסטית ואשת סביבה, המעידה על מחויבות עמוקה ובלתי מתפשרת לערכים אלו.",6.0,8.5
גלעד קריב,זכר,52,לא,,,9,90,,,9,90,8,80,8,60,7,60,8,80,7,50,10,95,,,,,,,9,90,,,8,85,6,60,,,,,7,70,,,10,95,,,,,,,9,90,,,9,90,7,70,7,60,7,60,7,70,6,50,10,95,,,,,,,שילוב,בינוני,6,9,5,8.2,,8.8,שליחות,95,,,,,,,,,,,7.5,9.0,"קריב מביא רזומה עשיר וייחודי המשלב הנהגה דתית-ליברלית, ניסיון משפטי ופעילות פרלמנטרית משמעותית. הוא בולט במיוחד ברלוונטיות עכשווית גבוהה סביב נושאי ליבה של המפלגה, עם הוכחת ביצוע בתפקידי יו""ר ועדה ופעילות ציבורית ענפה.",g,"מסלול חייו כרב רפורמי, פעילותו ארוכת השנים למען חופש דת ושוויון, והובלת המאבק הדמוקרטי מינואר 2023, מעידים על מחויבות עמוקה וערכית.",9.0,שליחות,91,"רזומה פרלמנטרי ומקצועי חזק מאוד: ח""כ מכהן, יו""ר ועדת העלייה, לשעבר יו""ר ועדת החוקה, עורך דין, רב רפורמי ולשעבר מנכ""ל התנועה הרפורמית. עומק נדיר בנושאי דמוקרטיה, דת ומדינה ומשפט חוקתי.","הרקע הציבורי הארוך שלו סביב יהדות ליברלית, דת ומדינה, משפט חוקתי ודמוקרטיה מצביע על שליחות ערכית מתמשכת.",,,8.8,שליחות,95,"קריב מביא רזומה עשיר וייחודי המשלב הנהגה דתית-ליברלית, ניסיון משפטי ופעילות פרלמנטרית משמעותית. הוא בולט במיוחד ברלוונטיות עכשווית גבוהה סביב נושאי ליבה של המפלגה, עם הוכחת ביצוע בתפקידי יו""ר ועדה ופעילות ציבורית ענפה.","מסלול חייו כרב רפורמי, פעילותו ארוכת השנים למען חופש דת ושוויון, והובלת המאבק הדמוקרטי מינואר 2023, מעידים על מחויבות עמוקה וערכית.",7.5,9.0
דני אלגרט,זכר,66,לא ידוע,,,8,75,,,,,,,,,9,90,,,,,,,9,80,,,,,8,80,,,,,,,,,9,95,,,,,,,8,80,,,,,8,80,3,75,,,,,,,9,95,,,,,,,8,80,,,,,לוחם וברור,גבוה,10,1,1,8.7,1,7.8,שליחות,85,,,,,,,,,,,4,5,"אלגרט מביא ניסיון ניהולי בכיר ומוכח במגזר הציבורי והפרטי, עם התמחות בחדשנות וטכנולוגיה. פעילותו הציבורית והתייצבותו סביב נושאי ליבה של המפלגה מאז ינואר 2023, ובמיוחד סביב סוגיות דמוקרטיה ואחריות ציבורית, מחזקות את רלוונטיותו העכשווית.",g,פעילותו הציבורית הענפה וההתייצבות הברורה שלו למען ערכים דמוקרטיים בתקופה האחרונה מעידות על מחויבות עמוקה וארוכת שנים.,5.9,שליחות,94,"הרזומה הציבורי שלו נשען בעיקר על מאבק משפחות החטופים ועל הפיכתו לדמות מחאה בולטת נגד הממשלה. עוצמת שליחות ציבורית גבוהה, אך מעט מאוד עדות לניסיון ביצועי רלוונטי.",העוגן הוא מאבקו הציבורי בעקבות חטיפת ורצח אחיו איציק בשבי חמאס והמעבר מהמאבק האזרחי לפוליטיקה.,,,7.8,שליחות,85,"אלגרט מביא ניסיון ניהולי בכיר ומוכח במגזר הציבורי והפרטי, עם התמחות בחדשנות וטכנולוגיה. פעילותו הציבורית והתייצבותו סביב נושאי ליבה של המפלגה מאז ינואר 2023, ובמיוחד סביב סוגיות דמוקרטיה ואחריות ציבורית, מחזקות את רלוונטיותו העכשווית.",פעילותו הציבורית הענפה וההתייצבות הברורה שלו למען ערכים דמוקרטיים בתקופה האחרונה מעידות על מחויבות עמוקה וארוכת שנים.,4,5
הדס רגולסקי,נקבה,52,לא,,,10,95,8,80,10,95,9,80,8,80,8,85,8,80,9,85,10,90,9,90,,,,,10,95,8,85,10,95,7,70,7,75,8,80,7,70,8,80,9,90,9,90,,,,,10,95,8,80,10,95,8,80,7,70,8,80,8,75,9,85,9,90,8,85,,,,,לוחם וברור,גבוה,10,6,8,8.9,1,7.8,שליחות,90,,,,,,,,,,,4,4,"רגולסקי מביאה ניסיון עשיר ומוכח בניהול מערכות ציבוריות מורכבות, עם דגש על חדשנות וטכנולוגיה, וכן רקע משפטי. פעילותה הציבורית והתייצבותה בתקופת המשבר (ינואר 2023 ואילך) מחזקות את רלוונטיותה העכשווית, במיוחד בתחומי דמוקרטיה ואחריות ציבורית.",g,"פעילותה הענפה והעקבית למען שקיפות, דמוקרטיה וזכויות אדם, והתייצבותה הבולטת במחאה נגד שינוי המשטר, מעידות על מחויבות עמוקה לערכים אלו.",7.0,תיקון,84,"הרזומה שלה משלב שלטון מקומי, תקשורת, משפטים, ניהול מחאה וארגון פוליטי: חברת מועצת תל אביב־יפו, יו""ר ועדה עירונית לנפגעי 7 באוקטובר, ראש מטה הדמוקרטיות וממובילות בונות אלטרנטיבה.","היא ממסגרת את פעילותה כחיבור בין עשייה אזרחית, הנהגה מקומית והשפעה פוליטית כדי לתקן את הניתוק בין הציבור למוקדי קבלת ההחלטות.",,,7.8,שליחות,90,"רגולסקי מביאה ניסיון עשיר ומוכח בניהול מערכות ציבוריות מורכבות, עם דגש על חדשנות וטכנולוגיה, וכן רקע משפטי. פעילותה הציבורית והתייצבותה בתקופת המשבר (ינואר 2023 ואילך) מחזקות את רלוונטיותה העכשווית, במיוחד בתחומי דמוקרטיה ואחריות ציבורית.","פעילותה הענפה והעקבית למען שקיפות, דמוקרטיה וזכויות אדם, והתייצבותה הבולטת במחאה נגד שינוי המשטר, מעידות על מחויבות עמוקה לערכים אלו.",4,4
חן אריאלי,נקבה,49,לא,,,9,90,7,75,10,95,,,8,80,,,8,85,9,90,9,90,,,,,,,6,70,7,70,10,95,,,7,75,,,7,75,9,90,8,85,,,,,,,8,85,6,65,10,95,,,7,75,,,7,75,8,85,9,90,,,,,,,לוחם וברור,גבוה,9,4,7,8.6,1,7.8,שליחות,90,,,,,,,,,,,0,0,"אריאלי מביאה רזומה עשיר של פעילות ציבורית וניהולית בתחום זכויות הקהילה הגאה, עם דגש על שינוי חברתי וחקיקתי. פעילותה כיו""ר האגודה למען הלהט""ב ובהמשך כסגנית ראש עיריית תל אביב-יפו, לצד נוכחותה הציבורית הבולטת בתקופת המשבר, מעידה על יכולת הובלה, ביצוע והשפעה.",g,"מסלול חייה ופעילותה הציבורית רבת השנים, שהחלה עוד לפני תפקידיה הבכירים, מעידים על מחויבות עמוקה לערכים של שוויון וצדק חברתי.",7.9,שליחות,90,"רזומה ציבורי חזק: סגנית ראש עיריית תל אביב־יפו, מחזיקת תיק התרבות, יו""ר איגי, יו""ר מייסדת של מכון שיטה, ובעברה יו""ר האגודה למען הלהט""ב וממובילות מחאות אזרחיות ופמיניסטיות. אין לה ניסיון כנסת, אך יש לה ניסיון ביצועי מוניציפלי רחב ונראות ציבורית חזקה.",היא ממסגרת את הצטרפותה כהמשך מאבק על דמות הארץ ועל ישראל ליברלית וחופשית.,,,7.8,שליחות,90,"אריאלי מביאה רזומה עשיר של פעילות ציבורית וניהולית בתחום זכויות הקהילה הגאה, עם דגש על שינוי חברתי וחקיקתי. פעילותה כיו""ר האגודה למען הלהט""ב ובהמשך כסגנית ראש עיריית תל אביב-יפו, לצד נוכחותה הציבורית הבולטת בתקופת המשבר, מעידה על יכולת הובלה, ביצוע והשפעה.","מסלול חייה ופעילותה הציבורית רבת השנים, שהחלה עוד לפני תפקידיה הבכירים, מעידים על מחויבות עמוקה לערכים של שוויון וצדק חברתי.",0,0
יאיא פינק,זכר,41,לא,,,9,90,7,60,8,80,9,85,9,95,7,50,7,50,9,90,9,85,9,90,,,,,8,85,,,,,,,9,95,,,,,9,90,8,80,9,90,,,,,9,90,6,50,8,75,8,80,9,90,,,,,9,90,9,85,9,90,,,,,לוחם וברור,נמוך,8,3,5,8.3,,8.8,שליחות,95,,,,,,,,,,,6.0,6.5,"רזומה עשיר ורלוונטי במיוחד לתקופה הנוכחית, עם דגש על יזמות אזרחית, מאבקים דמוקרטיים וחברתיים, וחיבור עמוק לנושאי ליבה. הוכחת ביצועים מרשימה בבניית ארגונים וגיוס ציבורי.",g,"מסלול חיים עקבי של פעילות ציבורית למען ערכים דמוקרטיים וחברתיים, הקמת ארגונים משפיעים, וכתיבת ספר המבטא תפיסת עולם עמוקה.",7.6,קריירה,78,"רזומה אזרחי־פוליטי רחב: ממייסדי לובי 99, מנכ""ל דרכנו בעבר, ראש סיעה ואגף צדק חברתי בהסתדרות, ואחד ממובילי המאבק לשוויון בנטל. החיסרון הוא היעדר ניסיון פרלמנטרי ישיר.","ההתמודדות נראית כהמשך טבעי למסלול ציבורי־פוליטי ארוך בארגוני חברה אזרחית, מפלגה והסתדרות.",,,8.8,שליחות,95,"רזומה עשיר ורלוונטי במיוחד לתקופה הנוכחית, עם דגש על יזמות אזרחית, מאבקים דמוקרטיים וחברתיים, וחיבור עמוק לנושאי ליבה. הוכחת ביצועים מרשימה בבניית ארגונים וגיוס ציבורי.","מסלול חיים עקבי של פעילות ציבורית למען ערכים דמוקרטיים וחברתיים, הקמת ארגונים משפיעים, וכתיבת ספר המבטא תפיסת עולם עמוקה.",6.0,6.5
יאיר רובינשטיין,זכר,51,לא ידוע,,,,,,,,,,,,,,,,,,,,,,,,,,,,,,,,,,,,,,,,,,,,,,,,,,,,,,,,,,,,,,,,,,,,,,,,,,,לא ידוע,נמוך,,,,,1,7.8,תיקון,85,,,,,,,,,,,4,5,"רובינשטיין מביא ניסיון ביצועי וניהולי עמוק מהמגזר הציבורי, עם התמחות בתחום הכלכלה והחברה. פעילותו הציבורית והתבטאויותיו מינואר 2023 ואילך מראות רלוונטיות מתמשכת לאתגרי המפלגה, במיוחד בנושאי דמוקרטיה, כלכלה וחברה.",g,התבטאויותיו הציבוריות והשתתפותו בפעילויות מחאה מינואר 2023 מצביעות על רצון עמוק לתקן כשלים מערכתיים וציבוריים.,5.8,תיקון,66,"המידע הציבורי שנמצא עליו מוגבל, אך הוא מזוהה כראש פורום/מטה דת ומדינה בדמוקרטים וכפעיל סביב נושאי דת, מדינה וחזון ליברלי.",העוגן הוא הובלת מטה דת ומדינה והצגת חזון ליברלי־הומניסטי במסגרת הדמוקרטים.,,,7.8,תיקון,85,"רובינשטיין מביא ניסיון ביצועי וניהולי עמוק מהמגזר הציבורי, עם התמחות בתחום הכלכלה והחברה. פעילותו הציבורית והתבטאויותיו מינואר 2023 ואילך מראות רלוונטיות מתמשכת לאתגרי המפלגה, במיוחד בנושאי דמוקרטיה, כלכלה וחברה.",התבטאויותיו הציבוריות והשתתפותו בפעילויות מחאה מינואר 2023 מצביעות על רצון עמוק לתקן כשלים מערכתיים וציבוריים.,4,5
יעל כהן-פארן,נקבה,52,לא,,,8,70,,0,8,60,,0,,0,,0,8,70,7,75,7,50,,0,,0,10,95,,0,,0,7,60,,0,,0,,0,7,70,7,70,,0,,0,,0,9,90,7,60,,0,,20,,0,,0,,0,6,50,7,75,,0,,0,,0,10,95,ממלכתי ואחראי,בינוני,6,8,7,8.0,1,7.8,שליחות,90,,,,,,,,,,,0,0,"רזומה עשיר באקטיביזם סביבתי ופעילות ציבורית, כולל כהונה כחברת כנסת. רלוונטיות גבוהה לנושאי סביבה ואקלים, עם דגש על פעילות מתמשכת בתחום. חסר מידע מפורט על פעילותה הספציפית והבולטת בחלון ינואר 2023 – יוני 2026 מעבר להמשך עיסוקה בתחום הסביבה.",g,"הקדשת עשורים לפעילות סביבתית, הקמת ארגונים וייצוג ציבורי בתחום, מעידה על מחויבות עמוקה וערך אישי.",7.8,מומחיות,90,"רזומה ממוקד ועמוק מאוד בתחום הסביבה, האקלים והאנרגיה: ח""כית לשעבר, חברה בוועדת הפנים והגנת הסביבה ובוועדת המדע והטכנולוגיה, ויו""ר ועדת משנה לאנרגיה מתחדשת וליישום הסכם פריז. החיסרון הוא שהעומק המרכזי שלה נמצא בעיקר בנושא סביבתי־אקלימי, שהוא נושא רגיל במשקל הפרומפט.","ההתמודדות שלה מוצגת כהבאת מומחיות סביבתית־אקלימית חזרה לזירה הפוליטית, כולל שאיפה לתפקיד השרה להגנת הסביבה.",,,7.8,שליחות,90,"רזומה עשיר באקטיביזם סביבתי ופעילות ציבורית, כולל כהונה כחברת כנסת. רלוונטיות גבוהה לנושאי סביבה ואקלים, עם דגש על פעילות מתמשכת בתחום. חסר מידע מפורט על פעילותה הספציפית והבולטת בחלון ינואר 2023 – יוני 2026 מעבר להמשך עיסוקה בתחום הסביבה.","הקדשת עשורים לפעילות סביבתית, הקמת ארגונים וייצוג ציבורי בתחום, מעידה על מחויבות עמוקה וערך אישי.",0,0
יריב אופנהימר,זכר,49,כן,,,9,80,,0,8,60,8,60,9,90,10,95,,0,7,50,8,60,,0,,0,,0,7,70,,0,,0,,0,8,80,10,95,,0,,0,,0,,0,,0,,0,9,80,3,80,8,60,7,60,9,90,10,95,,0,6,50,8,60,4,70,,0,,0,לוחם וברור,גבוה,10,2,4,8.4,1,6.8,שליחות,90,,,,,,,,,,,4,8,"אופנהיימר מביא עומק משמעותי בנושאי שלום, זכויות אדם ושותפות יהודית-ערבית, עם ניסיון מוכח בהובלת ארגון ציבורי. פעילותו בתקופת המשבר (מינואר 2023) ממשיכה להיות רלוונטית ונוכחת, בעיקר בתחום הדמוקרטיה וזכויות האדם, אך חסר ניסיון ביצועי או חקיקתי במערכת המדינתית.",g,"פעילותו רבת השנים בארגוני שלום וזכויות אדם, והתייצבותו העקבית סביב עקרונות אלו, מעידים על מחויבות אישית עמוקה.",7.3,שליחות,93,"רזומה ממוקד מאוד בתחום המדיני־דמוקרטי: מזכ""ל שלום עכשיו לשעבר, איש תקשורת ופעיל עקבי נגד התנחלויות ומאחזים בלתי חוקיים.",הוא הגדיר את עצירת ההתנחלויות ומיגור הטרור היהודי כמשימת חייו.,,,6.8,שליחות,90,"אופנהיימר מביא עומק משמעותי בנושאי שלום, זכויות אדם ושותפות יהודית-ערבית, עם ניסיון מוכח בהובלת ארגון ציבורי. פעילותו בתקופת המשבר (מינואר 2023) ממשיכה להיות רלוונטית ונוכחת, בעיקר בתחום הדמוקרטיה וזכויות האדם, אך חסר ניסיון ביצועי או חקיקתי במערכת המדינתית.","פעילותו רבת השנים בארגוני שלום וזכויות אדם, והתייצבותו העקבית סביב עקרונות אלו, מעידים על מחויבות אישית עמוקה.",4,8
לי הופמן אגיב,נקבה,39,לא ידוע,,,9,90,,,10,95,,,,,,,,,,,8,85,,,,,,,9,95,,,9,90,,,,,,,,,,,7,80,,,,,,,9,90,4,70,9,95,,,,,,,,,,,8,85,,,,,,,לוחם וברור,גבוה,9,1,4,9.0,1,7.8,שליחות,90,,,,,,,,,,,0,0,"לי הופמן אגיב מביאה ניסיון עשיר ומוכח במגזר הציבורי והחברתי, עם דגש על נושאי דמוקרטיה, שלטון החוק וזכויות אדם. פעילותה הבולטת בתקופת המשבר (מינואר 2023) כמנכ""לית התנועה לאיכות השלטון, מראה רלוונטיות עכשווית גבוהה ויכולת השפעה משמעותית.",g,"מסלול הקריירה שלה, המוקדש כולו לקידום ערכים דמוקרטיים ושלטון החוק, ופעילותה האינטנסיבית בתנועה לאיכות השלטון, מעידים על מחויבות עמוקה וארוכת שנים.",6.2,תיקון,78,"הרזומה שלה מבוסס על אקטיביזם חברתי, ערכים ליברליים, פעילות ציבורית והובלת שטח, בעיקר דרך המחאה והמרחב האזרחי.",היא קושרת את כניסתה לפוליטיקה להמשך המאבק הציבורי והליברלי מהשנים האחרונות.,,,7.8,שליחות,90,"לי הופמן אגיב מביאה ניסיון עשיר ומוכח במגזר הציבורי והחברתי, עם דגש על נושאי דמוקרטיה, שלטון החוק וזכויות אדם. פעילותה הבולטת בתקופת המשבר (מינואר 2023) כמנכ""לית התנועה לאיכות השלטון, מראה רלוונטיות עכשווית גבוהה ויכולת השפעה משמעותית.","מסלול הקריירה שלה, המוקדש כולו לקידום ערכים דמוקרטיים ושלטון החוק, ופעילותה האינטנסיבית בתנועה לאיכות השלטון, מעידים על מחויבות עמוקה וארוכת שנים.",0,0
מאלק בדר,זכר,45,לא ידוע,,,,,,,9,90,9,85,9,90,,,,,8,85,,,,,,,9,90,,,,,8,85,8,80,8,85,,,,,8,85,,,,,,,8,85,,,,,9,90,9,85,9,90,,,,,8,85,,,,,,,9,90,לא ידוע,נמוך,,,,8.8,1,7.8,שליחות,90,,,,,,,,,,,0,0,"בדר מביא ניסיון עשיר בניהול מערכות חינוך ורווחה בחברה הערבית, עם דגש על פיתוח מנהיגות וחיזוק קהילות. פעילותו בתקופת המשבר (מינואר 2023) מתמקדת בחיזוק חוסן קהילתי וקידום שותפות יהודית-ערבית, מה שמקנה לו רלוונטיות גבוהה לאתגרי המפלגה.",g,"מסלול חייו ועשייתו הציבורית רבת השנים בתחומי חינוך, חברה וקידום שותפות יהודית-ערבית מעידים על מחויבות עמוקה לתיקון חברתי וקידום ערכים דמוקרטיים.",6.9,לא_ברור,45,"הרזומה הידוע כולל היותו עורך דין דרוזי מחורפיש, ראש מועצת חורפיש בעבר ויו""ר פורום הרשויות הדרוזיות בעבר. המידע הציבורי הזמין מצומצם יחסית.","יש עוגן לזהות ציבורית דרוזית־חילונית ולהתמודדות בדמוקרטים, אך לא נמצא עוגן עובדתי מספיק כדי לקבוע מניע מרכזי.",,,7.8,שליחות,90,"בדר מביא ניסיון עשיר בניהול מערכות חינוך ורווחה בחברה הערבית, עם דגש על פיתוח מנהיגות וחיזוק קהילות. פעילותו בתקופת המשבר (מינואר 2023) מתמקדת בחיזוק חוסן קהילתי וקידום שותפות יהודית-ערבית, מה שמקנה לו רלוונטיות גבוהה לאתגרי המפלגה.","מסלול חייו ועשייתו הציבורית רבת השנים בתחומי חינוך, חברה וקידום שותפות יהודית-ערבית מעידים על מחויבות עמוקה לתיקון חברתי וקידום ערכים דמוקרטיים.",0,0
מהרטה ברוך רון,נקבה,51,כן,,,8,80,9,85,10,90,,,8,75,,,8,80,9,90,9,85,,,9,90,,,6,60,8,80,9,85,,,7,70,,,7,70,9,90,8,80,,,9,90,,,8,75,9,85,10,90,,,8,75,,,8,75,9,90,8,80,,,9,90,,,ממלכתי ואחראי,גבוה,5,8,9,8.8,1,7.2,שליחות,90,,,,,,,,,,,0,0,"רזומה ציבורי עשיר עם התמחות בנושאי חברה, רווחה ושוויון, וניסיון מוכח במועצת העיר תל אביב-יפו. פעילותה הציבורית והחברתית נמשכה גם בתקופת המשבר, עם דגש על נושאי שוויון ואיחוי.",g,סיפור חייה כעולה מאתיופיה ופעילותה הציבורית העקבית למען שוויון וצדק חברתי מעידים על מחויבות עמוקה.,7.4,שליחות,90,"הרזומה שלה כולל ניסיון ביצועי ממשי כסגנית ראש עיריית תל אביב־יפו, מחזיקת תיק הרווחה והשירותים החברתיים ויו""ר ועדת הרווחה, לצד פעילות ארוכת שנים בשוויון וייצוג.",היא מציגה את שוויון ההזדמנויות כלא רק ערך אלא מסע חיים.,,,7.2,שליחות,90,"רזומה ציבורי עשיר עם התמחות בנושאי חברה, רווחה ושוויון, וניסיון מוכח במועצת העיר תל אביב-יפו. פעילותה הציבורית והחברתית נמשכה גם בתקופת המשבר, עם דגש על נושאי שוויון ואיחוי.",סיפור חייה כעולה מאתיופיה ופעילותה הציבורית העקבית למען שוויון וצדק חברתי מעידים על מחויבות עמוקה.,0,0
מוסי רז,זכר,60,כן,,,9,90,7,60,9,90,,,10,95,10,95,,,8,70,8,75,,,,,9,85,8,80,6,60,7,70,,,8,85,8,80,,,5,60,6,60,,,,,7,75,9,90,4,70,9,85,,,10,95,10,95,,,7,70,8,80,,,,,9,90,לוחם וברור,גבוה,9,9,6,9.1,1,6.8,שליחות,85,,,,,,,,,,,0,4,"רז מביא ניסיון פרלמנטרי משמעותי, בעיקר בתחומי סביבה, חברה וזכויות אדם. פעילותו בכנסת ובארגונים חברתיים מעידה על עומק בנושאים אלו, אך חסר מידע על פעילות בולטת ורלוונטית במיוחד בחלון ינואר 2023 – יוני 2026 בתחומי הליבה של המפלגה.",g,"מסלולו הפוליטי והציבורי הארוך, המוקדש לנושאי סביבה, זכויות אדם ושותפות יהודית-ערבית, מעיד על מחויבות עמוקה וארוכת שנים.",8.8,שליחות,94,"רזומה פרלמנטרי וציבורי חזק מאוד: ח""כ בשלוש תקופות, יו""ר ועדה, חבר ועדת חוץ וביטחון, מזכ""ל שלום עכשיו לשעבר ופעיל ותיק בזכויות אדם, שלום, סביבה ותחבורה ציבורית.","הקריירה הציבורית שלו עקבית לאורך שנים סביב שלום, זכויות אדם, סביבה ושותפות אזרחית.",,,6.8,שליחות,85,"רז מביא ניסיון פרלמנטרי משמעותי, בעיקר בתחומי סביבה, חברה וזכויות אדם. פעילותו בכנסת ובארגונים חברתיים מעידה על עומק בנושאים אלו, אך חסר מידע על פעילות בולטת ורלוונטית במיוחד בחלון ינואר 2023 – יוני 2026 בתחומי הליבה של המפלגה.","מסלולו הפוליטי והציבורי הארוך, המוקדש לנושאי סביבה, זכויות אדם ושותפות יהודית-ערבית, מעיד על מחויבות עמוקה וארוכת שנים.",0,4
מורן זר כצשטיין,נקבה,43,לא ידוע,,,10,90,7,70,10,95,8,80,,10,,0,8,75,8,75,10,95,,10,,0,,0,10,90,6,60,10,95,7,70,,10,,0,7,70,7,70,10,90,,10,,0,,0,10,95,6,70,10,95,8,75,,10,,0,7,65,8,75,10,95,,10,,0,,0,לוחם וברור,גבוה,10,1,7,8.7,1,7.8,שליחות,90,,,,,,,,,,,0,0,"מורן זר כצשטיין מביאה ניסיון עשיר ומוכח בתחום הדמוקרטיה ושלטון החוק, עם דגש על פעילות משמעותית בתקופת המשבר. הרזומה שלה משלב עשייה אזרחית, ניהולית ומשפטית, ומעיד על יכולת הובלה והשפעה.",g,"פעילותה העקבית והאינטנסיבית למען הדמוקרטיה ושלטון החוק, במיוחד מאז ינואר 2023, מעידה על מחויבות עמוקה וערכית.",7.2,תיקון,86,"הרזומה שלה חזק בארגון חברה אזרחית, מחאה, תקשורת ושוויון מגדרי: מייסדת בונות אלטרנטיבה, יוזמת קואליציית ארגוני נשים ודמות מוכרת במחאה.",היא עצמה קושרת את הכניסה לפוליטיקה להמשך תנועת השינוי שצמחה מבונות אלטרנטיבה.,,,7.8,שליחות,90,"מורן זר כצשטיין מביאה ניסיון עשיר ומוכח בתחום הדמוקרטיה ושלטון החוק, עם דגש על פעילות משמעותית בתקופת המשבר. הרזומה שלה משלב עשייה אזרחית, ניהולית ומשפטית, ומעיד על יכולת הובלה והשפעה.","פעילותה העקבית והאינטנסיבית למען הדמוקרטיה ושלטון החוק, במיוחד מאז ינואר 2023, מעידה על מחויבות עמוקה וערכית.",0,0
מורן מישל,נקבה,47,לא ידוע,,,10,90,,,9,80,9,80,,,,,9,80,,,10,90,9,85,8,85,,,9,85,,,7,70,8,80,,,,,6,60,,,8,80,9,85,9,90,,,10,90,,,9,80,9,85,,,,,8,75,,,10,90,9,85,8,85,,,לוחם וברור,גבוה,9,1,5,9.1,1,7.2,תיקון,85,,,,,,,,,,,3,4,"מורן מישל מביאה ניסיון עשיר ומוכח בניהול וביצוע במגזר הציבורי והחברתי, עם דגש על חדשנות ושינוי. פעילותה המרכזית בתקופת המשבר (מינואר 2023) בתחום החינוך והחברה, לצד התייצבותה הציבורית, מחזקת את רלוונטיותה.",g,"ניסיונה בניהול מערכות ציבוריות וחברתיות והתמודדותה עם כשלים מוסדיים, לצד פעילותה הציבורית בתקופת המשבר, מצביעים על רצון עמוק לתקן ולשפר.",6.6,תיקון,82,"הרזומה שלה מבוסס על פעילות חברתית־פוליטית, הובלת מחאה וניהול קהילות, לצד ניסיון ציבורי ופעילות מול שדות מפלגתיים וחברתיים.",היא מציגה את ההתמודדות כהמשך ישיר של פעילות אזרחית ומחאתית שנועדה להביא שינוי פוליטי.,,,7.2,תיקון,85,"מורן מישל מביאה ניסיון עשיר ומוכח בניהול וביצוע במגזר הציבורי והחברתי, עם דגש על חדשנות ושינוי. פעילותה המרכזית בתקופת המשבר (מינואר 2023) בתחום החינוך והחברה, לצד התייצבותה הציבורית, מחזקת את רלוונטיותה.","ניסיונה בניהול מערכות ציבוריות וחברתיות והתמודדותה עם כשלים מוסדיים, לצד פעילותה הציבורית בתקופת המשבר, מצביעים על רצון עמוק לתקן ולשפר.",3,4
מיכל רוזין,נקבה,56,כן,,,9,90,7,70,10,95,8,65,9,85,8,80,8,80,9,85,9,85,,,,,,,8,85,5,60,9,90,,,6,65,7,70,8,80,8,85,6,70,,,,,,,9,90,4,80,10,95,7,60,9,85,8,85,7,70,8,80,9,90,,,,,,,לוחם וברור,גבוה,9,8,5,8.5,1,7.8,שליחות,90,,,,,,,,,,,2,4,"רוזין מביאה ניסיון פרלמנטרי משמעותי כחברת כנסת לשעבר, עם התמחות בנושאי דת ומדינה, זכויות אדם ושוויון. פעילותה הציבורית והפרלמנטרית בתקופת המשבר (מינואר 2023) חיזקה את רלוונטיותה בנושאי ליבה כמו דמוקרטיה ושלטון החוק.",g,"קריירה ציבורית ארוכת שנים המתמקדת בזכויות אדם, דמוקרטיה ושוויון, והתייצבות עקבית בנושאים אלו גם מחוץ לכנסת.",8.4,שליחות,88,"רזומה פרלמנטרי חזק: ח""כית לשעבר, יו""ר סיעת מרצ, יו""ר ועדה בכנסת וחברה בוועדות חוקה וחוץ וביטחון. נוסף לכך, יש לה עומק מוקדם כמנכ""לית איגוד מרכזי הסיוע לנפגעות ולנפגעי תקיפה מינית וכפעילה בזכויות, פלורליזם ושוויון.","העוגן הוא רצף ארוך של פעילות ציבורית ופרלמנטרית סביב זכויות נשים, להט""ב, פלורליזם ושוויון אזרחי.",,,7.8,שליחות,90,"רוזין מביאה ניסיון פרלמנטרי משמעותי כחברת כנסת לשעבר, עם התמחות בנושאי דת ומדינה, זכויות אדם ושוויון. פעילותה הציבורית והפרלמנטרית בתקופת המשבר (מינואר 2023) חיזקה את רלוונטיותה בנושאי ליבה כמו דמוקרטיה ושלטון החוק.","קריירה ציבורית ארוכת שנים המתמקדת בזכויות אדם, דמוקרטיה ושוויון, והתייצבות עקבית בנושאים אלו גם מחוץ לכנסת.",2,4
משה רדמן,זכר,41,לא ידוע,,,10,90,7,70,,,9,85,,,,,,,8,80,9,80,8,75,,,,,9,95,,,,,8,85,,,,,,,7,75,8,80,7,75,7,80,,,9,95,5,70,,,8,85,,,,,,,7,75,8,80,7,75,6,70,,,לוחם וברור,גבוה,9,1,4,8.5,1,8.8,שליחות,95,,,,,,,,,,,7.0,9.5,"רדמן מביא רזומה עסקי מוצלח עם יכולות הובלה וביצוע מוכחות, ובעיקר רלוונטיות עכשווית יוצאת דופן כדמות מובילה במחאה. הוא מפגין עומק בנושאי ליבה כמו דמוקרטיה וביטחון, ויכולת השפעה ציבורית משמעותית דרך סרטונים ופודקאסט.",g,"סגירת הסטארט-אפ וההתגייסות המלאה למאבק על עתיד המדינה, מתוך תחושה של ""עכשיו או לעולם לא"", מעידה על מוטיבציה עמוקה ואישית.",6.8,תיקון,86,"הרזומה שלו מבוסס על הובלת מחאה, יזמות היי־טק, חדשנות, תוכן ויכולת הנעת ציבור רחבה.",הוא הצטרף לדמוקרטים מתוך רצון להמשיך את תשתיות המחאה ולהעביר אותן לפעולה פוליטית.,,,8.8,שליחות,95,"רדמן מביא רזומה עסקי מוצלח עם יכולות הובלה וביצוע מוכחות, ובעיקר רלוונטיות עכשווית יוצאת דופן כדמות מובילה במחאה. הוא מפגין עומק בנושאי ליבה כמו דמוקרטיה וביטחון, ויכולת השפעה ציבורית משמעותית דרך סרטונים ופודקאסט.","סגירת הסטארט-אפ וההתגייסות המלאה למאבק על עתיד המדינה, מתוך תחושה של ""עכשיו או לעולם לא"", מעידה על מוטיבציה עמוקה ואישית.",7.0,9.5
נאווה רוזוליו,נקבה,39,לא ידוע,,,10,95,,,,,,,,,,,,,,,,,,,,,,,10,95,,,,,,,,,,,,,,,,,,,,,,,10,95,,,,,,,,,,,,,,,,,,,,,,,שילוב,—,9,2,3,10.0,,7.8,שליחות,85,,,,,,,,,,,4,5,"רוזוליו מביאה ניסיון עשיר במגזר הציבורי והחברתי, עם דגש על ניהול בכיר ופיתוח מדיניות. פעילותה מינואר 2023 ואילך, בדגש על מחאת ההייטק ופעילות חברתית, מחזקת את הרלוונטיות שלה לאתגרי התקופה.",g,"מסלול הקריירה שלה, המשלב ניהול בכיר במגזר הציבורי עם פעילות חברתית ענפה, מעיד על מחויבות עמוקה לתיקון ושיפור החברה.",6.8,תיקון,86,"הרזומה שלה כולל עריכת דין, ראיית חשבון, והובלת מחאה ציבורית כמי שמזוהה עם משמרות הבושה והמאבק נגד ההפיכה המשטרית.",העוגן הוא מעבר ממאבק מחאתי נגד ההפיכה המשטרית ופעילות שטח מתמשכת להשפעה פוליטית ישירה.,,,7.8,שליחות,85,"רוזוליו מביאה ניסיון עשיר במגזר הציבורי והחברתי, עם דגש על ניהול בכיר ופיתוח מדיניות. פעילותה מינואר 2023 ואילך, בדגש על מחאת ההייטק ופעילות חברתית, מחזקת את הרלוונטיות שלה לאתגרי התקופה.","מסלול הקריירה שלה, המשלב ניהול בכיר במגזר הציבורי עם פעילות חברתית ענפה, מעיד על מחויבות עמוקה לתיקון ושיפור החברה.",4,5
נאור נרקיס,זכר,37,כן,,,9,90,2,85,10,95,10,95,,,,,10,95,8,85,10,95,7,70,,,,,8,85,2,85,9,90,9,90,,,,,9,90,8,80,10,95,7,70,,,,,8,85,1,95,9,90,10,95,,,,,9,95,8,80,10,95,5,75,,,,,לוחם וברור,גבוה,10,1,1,8.2,1,7.2,תיקון,85,,,,,,,,,,,8.5,7.0,"נאור נרקיס מביא עומק משמעותי בתחומי ביטחון ואסטרטגיה, עם ניסיון פיקודי וניהולי בכיר בצה""ל. פעילותו הציבורית והתקשורתית הבולטת מאז ינואר 2023, בדגש על נושאי ביטחון, אחריות ציבורית וביקורת על הממשלה, מעניקה לו רלוונטיות עכשווית גבוהה.",g,"פעילותו הציבורית האינטנסיבית והביקורתית מאז ינואר 2023, בדגש על כשלי הממשלה והצורך בתיקון מערכתי, מצביעה על רצון עמוק לתקן כשלים שזיהה.",6.4,תיקון,84,"הרזומה שלו מבוסס על יזמות, אקטיביזם חילוני, הובלת חוזרים בתבונה וקו ציבורי ברור של הפרדת דת ומדינה.",העוגן הוא רצון מוצהר לשנות את יחסי דת־מדינה ולפתוח אפשרות יציאה והשכלה לצעירים חרדים.,,,7.2,תיקון,85,"נאור נרקיס מביא עומק משמעותי בתחומי ביטחון ואסטרטגיה, עם ניסיון פיקודי וניהולי בכיר בצה""ל. פעילותו הציבורית והתקשורתית הבולטת מאז ינואר 2023, בדגש על נושאי ביטחון, אחריות ציבורית וביקורת על הממשלה, מעניקה לו רלוונטיות עכשווית גבוהה.","פעילותו הציבורית האינטנסיבית והביקורתית מאז ינואר 2023, בדגש על כשלי הממשלה והצורך בתיקון מערכתי, מצביעה על רצון עמוק לתקן כשלים שזיהה.",8.5,7.0
נדאל מסאלחה,זכר,40,לא ידוע,,,,,,,,,,,,,,,,,,,,,,,,,,,,,,,,,,,,,,,,,,,,,,,,,,,,,,,,,,,,,,,,,,,,,,,,,,,,,,,,,,6.8,תיקון,80,,,,,,,,,,,0,0,"מסאלחה מביא ניסיון עשיר בשלטון המקומי ובחיבור לקהילה הערבית, עם דגש על נושאי חברה, רווחה וחינוך. פעילותו הציבורית והחברתית בתקופה האחרונה מחזקת את רלוונטיותו, אך חסר מידע על עומק השפעתו בנושאי ליבה אחרים.",g,ניסיונו בשלטון המקומי והתמודדותו עם אתגרי החברה הערבית מצביעים על רצון לתקן כשלים חברתיים ומוסדיים.,6.1,לא_ברור,48,"המידע הציבורי שנמצא עליו מצביע על עו""ד, מועמד בדמוקרטים ודובר במפגשי ציבור סביב שותפות, דת ומדינה ושלטון מקומי. לא נמצא מספיק מידע על תפקידים בכירים.","יש עוגן כללי לשותפות ולחזון אזרחי, אך לא נמצא מקור מספיק שמבסס מניע מרכזי ברור.",,,6.8,תיקון,80,"מסאלחה מביא ניסיון עשיר בשלטון המקומי ובחיבור לקהילה הערבית, עם דגש על נושאי חברה, רווחה וחינוך. פעילותו הציבורית והחברתית בתקופה האחרונה מחזקת את רלוונטיותו, אך חסר מידע על עומק השפעתו בנושאי ליבה אחרים.",ניסיונו בשלטון המקומי והתמודדותו עם אתגרי החברה הערבית מצביעים על רצון לתקן כשלים חברתיים ומוסדיים.,0,0
נמרוד שפר,זכר,65,לא,,,9,90,8,80,,,9,85,,,8,90,,,,,,,,,,,,,8,85,,,,,4,60,,,10,95,,,9,90,,,,,9,90,,,9,90,7,70,,,8,80,,,9,90,,,8,80,,,,,7,70,,,לוחם וברור,גבוה,9,1,3,8.5,1,9.2,שליחות,90,,,,,,,,,,,10,8.5,"רזומה ביטחוני וניהולי בכיר ומוכח, עם ניסיון עמוק בתכנון אסטרטגי וביצועי. פעילותו הציבורית והפוליטית מינואר 2023 ואילך, כולל הצטרפותו למפלגה והתייצבותו סביב נושאי ליבה, מעניקה לו רלוונטיות עכשווית גבוהה במיוחד.",g,"ניסיונו הביטחוני העשיר, המעבר לפוליטיקה בעקבות משבר לאומי, והנכונות לשלם מחיר אישי על עמדותיו (מכתב הטייסים) מעידים על מחויבות עמוקה.",9.1,תיקון,88,"רזומה בכיר מאוד: אלוף במילואים, טייס קרב, ראש אגף התכנון בצה""ל ומנכ""ל התעשייה האווירית. זהו ניסיון נדיר בדרג ביטחוני־אסטרטגי וניהולי בכיר, עם התאמה חזקה לנושאי ביטחון, מדיניות ותכנון לאומי.",הוא הציג את הצטרפותו לדמוקרטים כהבנה שיש להפוך את המחאה למאבק פוליטי.,,,9.2,שליחות,90,"רזומה ביטחוני וניהולי בכיר ומוכח, עם ניסיון עמוק בתכנון אסטרטגי וביצועי. פעילותו הציבורית והפוליטית מינואר 2023 ואילך, כולל הצטרפותו למפלגה והתייצבותו סביב נושאי ליבה, מעניקה לו רלוונטיות עכשווית גבוהה במיוחד.","ניסיונו הביטחוני העשיר, המעבר לפוליטיקה בעקבות משבר לאומי, והנכונות לשלם מחיר אישי על עמדותיו (מכתב הטייסים) מעידים על מחויבות עמוקה.",10,8.5
נעמה לזימי,נקבה,40,לא,,,9,90,6,60,10,95,8,70,9,85,8,85,9,85,10,100,9,80,,,7,60,,,8,85,,,9,95,,,7,75,,,8,80,10,100,6,60,,,,,,,9,95,4,70,9,95,7,60,8,80,8,85,8,80,10,100,8,80,,,,20,,,לוחם וברור,גבוה,7,9,4,8.5,,8.8,שליחות,95,,,,,,,,,,,5,5,"לזימי מביאה רזומה פרלמנטרי וציבורי עשיר, עם התמחות עמוקה בנושאי חברה, כלכלה, צעירים ושוויון. פעילותה הבולטת כיו""ר ועדה בכנסת ונוכחותה הציבורית החזקה, במיוחד מאז ינואר 2023, מעידים על יכולת הובלה והשפעה. היא מייצגת קול ייחודי ורלוונטי לאתגרי התקופה.",g,"צמיחתה מתוך עשייה ציבורית ומפלגתית, זהותה הסוציאל-דמוקרטית והפמיניסטית המובהקת, ופעילותה העקבית למען צדק חברתי ודמוקרטיה, מצביעים על מחויבות עמוקה וארוכת שנים.",8.4,תיקון,88,"רזומה פרלמנטרי חזק: ח""כית מכהנת, יו""ר הוועדה המיוחדת לענייני הצעירים, חברה בוועדות כספים, חינוך, תרבות וספורט. מיקוד בחברה, צעירים, זכויות חברתיות ורווחה.","הפעילות שלה ממוסגרת סביב תיקון חברתי, צעירים, זכויות עובדים, מאבק ביוקר המחיה והגנה על אוכלוסיות מוחלשות.",,,8.8,שליחות,95,"לזימי מביאה רזומה פרלמנטרי וציבורי עשיר, עם התמחות עמוקה בנושאי חברה, כלכלה, צעירים ושוויון. פעילותה הבולטת כיו""ר ועדה בכנסת ונוכחותה הציבורית החזקה, במיוחד מאז ינואר 2023, מעידים על יכולת הובלה והשפעה. היא מייצגת קול ייחודי ורלוונטי לאתגרי התקופה.","צמיחתה מתוך עשייה ציבורית ומפלגתית, זהותה הסוציאל-דמוקרטית והפמיניסטית המובהקת, ופעילותה העקבית למען צדק חברתי ודמוקרטיה, מצביעים על מחויבות עמוקה וארוכת שנים.",5,5
סומיה בשיר,נקבה,52,לא ידוע,,,,,,,,,,,,,,,,,,,,,,,,,,,,,,,,,,,,,,,,,,,,,,,,,,,,,,,,,,,,,,,,,,,,,,,,,,,לא ידוע,נמוך,,,,,1,7.2,שליחות,90,,,,,,,,,,,0,0,"סומיה בשיר מביאה עומק משפטי וניסיון עשיר בזכויות אדם ובמגזר השלישי, עם דגש על שותפות יהודית-ערבית. פעילותה בתקופה האחרונה, כולל מעורבות במחאה וקידום שיח משותף, מחזקת את רלוונטיותה לאתגרי המפלגה.",g,"פעילותה העקבית והארוכה למען זכויות אדם, שוויון ושותפות יהודית-ערבית, המעידה על מחויבות עמוקה ואישית.",6.6,שליחות,84,"הרזומה שלה נשען על פעילות חברתית ופוליטית ערבית־ישראלית, טיפול באמצעות אמנויות, וקידום שותפות יהודית־ערבית, שוויון אזרחי ומעמד האישה בחברה הערבית.","העוגן הוא פעילות עקבית למען שותפות ערבית־יהודית, שוויון אזרחי וקידום נשים בחברה הערבית.",,,7.2,שליחות,90,"סומיה בשיר מביאה עומק משפטי וניסיון עשיר בזכויות אדם ובמגזר השלישי, עם דגש על שותפות יהודית-ערבית. פעילותה בתקופה האחרונה, כולל מעורבות במחאה וקידום שיח משותף, מחזקת את רלוונטיותה לאתגרי המפלגה.","פעילותה העקבית והארוכה למען זכויות אדם, שוויון ושותפות יהודית-ערבית, המעידה על מחויבות עמוקה ואישית.",0,0
עאיד בדיר,זכר,46,כן,,,,,,,,,,,,,,,,,,,,,,,,,,,,,,,,,,,,,,,,,,,,,,,,,,,,,,,,,,,,,,,,,,,,,,,,,,,,,,,,,,6.8,תיקון,75,,,,,,,,,,,0,0,"עאיד בדיר מביא ניסיון משמעותי מהשלטון המקומי, עם דגש על נושאי חברה, רווחה וחינוך. פעילותו בתקופת המשבר (ינואר 2023 ואילך) מתמקדת בהמשך עשייה מוניציפלית וחיבור לקהילה, אך חסרה בולטות ציבורית רחבה בנושאי הליבה של המפלגה.",g,ניסיונו בשלטון המקומי והתמודדותו עם אתגרים חברתיים וחינוכיים מצביעים על רצון לתקן כשלים מערכתיים.,6.8,תיקון,76,"הרזומה שלו כולל ניסיון מוניציפלי כסגן ראש עיריית כפר קאסם לשעבר, פעילות פוליטית וחברתית, תואר שני במדיניות ציבורית.",העוגן הוא ניסוח ציבורי של מטרה להפוך את הערביות לחלק מהישראליות ולפעול נגד הדרת ערבים מהפוליטיקה.,,,6.8,תיקון,75,"עאיד בדיר מביא ניסיון משמעותי מהשלטון המקומי, עם דגש על נושאי חברה, רווחה וחינוך. פעילותו בתקופת המשבר (ינואר 2023 ואילך) מתמקדת בהמשך עשייה מוניציפלית וחיבור לקהילה, אך חסרה בולטות ציבורית רחבה בנושאי הליבה של המפלגה.",ניסיונו בשלטון המקומי והתמודדותו עם אתגרים חברתיים וחינוכיים מצביעים על רצון לתקן כשלים מערכתיים.,0,0
עלי סלאלחה,זכר,74,כן,,,8,80,9,85,9,85,9,85,9,80,,,10,95,7,70,,,,,,,,,8,80,9,90,8,80,,,7,70,,,10,95,7,70,,,,,,,,,8,80,9,85,9,85,8,80,8,75,,,10,95,7,70,,,,,,,,,ממלכתי ואחראי,בינוני,6,5,9,8.7,1,7.2,שליחות,90,,,,,,,,,,,0,0,"סלאלחה מביא ניסיון מוניציפלי וחינוכי עשיר, עם התמקדות בשותפות יהודית-ערבית וקידום חברה משותפת. פעילותו בתקופת המשבר (מינואר 2023) מתמקדת בחיזוק הקשרים בין הקהילות, מה שמעניק לו רלוונטיות עכשווית גבוהה בנושאי ליבה ונושאים בחשיבות גבוהה.",g,"מסלול חייו הציבורי והחינוכי, והתמקדותו ארוכת השנים בקידום שותפות וחיים משותפים, מעידים על מחויבות עמוקה לערכים אלו.",8.2,שליחות,90,"רזומה חזק מאוד בחינוך, חברה ושותפות: ח""כ לשעבר מטעם מרצ, איש חינוך דרוזי, מנהל תיכון בית ג'ן שהוביל אותו להישגים בולטים, ובעל פעילות חקיקה בכנסת. זהו שילוב של ניסיון פרלמנטרי, חינוכי וייצוג מיעוטים.","הוא מציג את כניסתו לפוליטיקה כשליחות ציבורית ולא כמהלך של כסף, כבוד או תפקיד.",,,7.2,שליחות,90,"סלאלחה מביא ניסיון מוניציפלי וחינוכי עשיר, עם התמקדות בשותפות יהודית-ערבית וקידום חברה משותפת. פעילותו בתקופת המשבר (מינואר 2023) מתמקדת בחיזוק הקשרים בין הקהילות, מה שמעניק לו רלוונטיות עכשווית גבוהה בנושאי ליבה ונושאים בחשיבות גבוהה.","מסלול חייו הציבורי והחינוכי, והתמקדותו ארוכת השנים בקידום שותפות וחיים משותפים, מעידים על מחויבות עמוקה לערכים אלו.",0,0
ענבל וורטמן שוהם,נקבה,46,לא ידוע,,,9,90,,,8,60,,,,,,,,,,,,,8,60,,,,,9,90,,,7,60,,,,,,,,,,,,,7,60,9,85,,,9,90,,,8,60,,,,,,,,,,,,,8,60,9,85,,,לא ידוע,נמוך,,,,8.3,1,7.2,תיקון,80,,,,,,,,,,,3,4,"וורטמן שוהם מביאה ניסיון עשיר בניהול בכיר במגזר הציבורי, עם דגש על חדשנות וטכנולוגיה. הרלוונטיות שלה מתחזקת בזכות פעילותה הציבורית והתייצבותה סביב נושאי דמוקרטיה ושלטון החוק בתקופה האחרונה, לצד המשך עשייה מערכתית.",g,"פעילותה הציבורית הבולטת סביב נושאי דמוקרטיה ושלטון החוק, לצד התבטאויות על הצורך בתיקון מערכתי, מצביעה על רצון לתקן כשלים ציבוריים.",6.9,תיקון,86,"הרזומה שלה חזק בשדה החברתי־קהילתי: יזמות חברתית, רווחה בדגש על מוגבלות, חברה אזרחית ופעילות בצפון.",היא מנמקת את הכניסה לפוליטיקה בתחושה שהחוזה בין המדינה לאזרחים הופר.,,,7.2,תיקון,80,"וורטמן שוהם מביאה ניסיון עשיר בניהול בכיר במגזר הציבורי, עם דגש על חדשנות וטכנולוגיה. הרלוונטיות שלה מתחזקת בזכות פעילותה הציבורית והתייצבותה סביב נושאי דמוקרטיה ושלטון החוק בתקופה האחרונה, לצד המשך עשייה מערכתית.","פעילותה הציבורית הבולטת סביב נושאי דמוקרטיה ושלטון החוק, לצד התבטאויות על הצורך בתיקון מערכתי, מצביעה על רצון לתקן כשלים ציבוריים.",3,4
ענבר בזק,נקבה,52,לא,,,8.0,75.0,7.0,65.0,8.0,80.0,,20.0,6.0,55.0,5.0,45.0,8.0,80.0,9.0,85.0,,10,8.0,75.0,,10,5.0,40.0,7.0,65.0,7.0,70.0,8.0,80.0,6.0,60.0,6.0,60.0,7.0,70.0,8.0,80.0,9.0,85.0,,10,6.0,55.0,,10,5.0,40.0,7.0,65.0,6.0,60.0,8.0,75.0,,20.0,5.0,45.0,6.0,55.0,7.0,70.0,8.0,80.0,,10,6.0,55.0,,10,,20.0,ממלכתי ואחראי,בינוני,4.0,8.0,6.0,7.1,1,7.8,תיקון,85,,,,,,,,,,,3,4,"בזק מביאה רזומה ביצועי חזק בתחומי כלכלה, פריפריה ועסקים קטנים, עם ניסיון ניהולי מוכח. פעילותה בתנועת ""עצמאים עושים שינוי"" והצטרפותה לדמוקרטים מינואר 2023 מחזקות את רלוונטיותה העכשווית ואת חיבורה לנושאי הליבה של המפלגה.",g,"הקמת תנועת ""עצמאים עושים שינוי"" מתוך זיהוי כשלים עמוקים ביחס המדינה לעצמאים, והרצון לתקן אותם דרך חקיקה ומדיניות.",7.5,שליחות,82,"רזומה ביצועי וחברתי טוב: ח""כית לשעבר, מנכ""לית החברה הכלכלית לפיתוח הגליל העליון, מייסדת עצמאים עושים שינוי, ופעילה סביב עסקים קטנים, נשים, צפון ושיקום אזורי.",העוגן הוא הצגה עקבית של עצמה כנציגת הצפון וכמי שפועלת כשנתקלת באי־שוויון.,,,7.8,תיקון,85,"בזק מביאה רזומה ביצועי חזק בתחומי כלכלה, פריפריה ועסקים קטנים, עם ניסיון ניהולי מוכח. פעילותה בתנועת ""עצמאים עושים שינוי"" והצטרפותה לדמוקרטים מינואר 2023 מחזקות את רלוונטיותה העכשווית ואת חיבורה לנושאי הליבה של המפלגה.","הקמת תנועת ""עצמאים עושים שינוי"" מתוך זיהוי כשלים עמוקים ביחס המדינה לעצמאים, והרצון לתקן אותם דרך חקיקה ומדיניות.",3,4
ערן עציון,זכר,59,לא ידוע,,,9,90,,,,,8,75,,,9,95,,,,,7,60,8,80,,,,,7,85,,,,,4,60,,,9,95,,,,,,,5,70,,,,,9,90,,,,,8,80,,,9,95,,,,,6,50,8,85,,,,,לוחם וברור,גבוה,9.0,2.0,4.0,8.2,1,8.8,תיקון,90,,,,,,,,,,,9.5,9.0,"רזומה עשיר ורלוונטי במיוחד לנושאי ליבה של המפלגה, עם ניסיון ביצועי עמוק במערכת המדינית-ביטחונית. פעילותו הציבורית והפוליטית מינואר 2023 ואילך, כולל התבטאויות חריפות ונוכחות במחאה, מעידה על רלוונטיות עכשווית גבוהה ויכולת השפעה.",g,"עציון מצהיר כי הניסיון שצבר במערכות קבלת ההחלטות הוביל אותו למסקנה שנדרש שינוי עמוק בשיטה, והוא עבר ליזמות אזרחית ופוליטית כדי לתקן את כשלי המשילות, השחיתות ואובדן האמון.",8.8,מומחיות,88,"רזומה מדיני־ביטחוני בכיר מאוד: דיפלומט ותיק, איש משרד החוץ והמל""ל, סגן ראש המועצה לביטחון לאומי לשעבר ומומחה לתכנון אסטרטגי ומדיניות חוץ. זהו עומק מקצועי מובהק בנושאי ליבה של ביטחון, חוץ ודמוקרטיה, גם ללא ניסיון פרלמנטרי.",הוא מציג את ההתמודדות כהבאת קול מדיני וניסיון מקצועי לזירה הפוליטית.,,,8.8,תיקון,90,"רזומה עשיר ורלוונטי במיוחד לנושאי ליבה של המפלגה, עם ניסיון ביצועי עמוק במערכת המדינית-ביטחונית. פעילותו הציבורית והפוליטית מינואר 2023 ואילך, כולל התבטאויות חריפות ונוכחות במחאה, מעידה על רלוונטיות עכשווית גבוהה ויכולת השפעה.","עציון מצהיר כי הניסיון שצבר במערכות קבלת ההחלטות הוביל אותו למסקנה שנדרש שינוי עמוק בשיטה, והוא עבר ליזמות אזרחית ופוליטית כדי לתקן את כשלי המשילות, השחיתות ואובדן האמון.",9.5,9.0
קטי פיאסצקי,נקבה,41,כן,,,8,85,,,9,90,,,,,8,80,8,80,8,80,10,95,,,,,9,90,7,75,,,8,85,,,,,,,7,75,7,75,9,90,,,,,9,85,8,80,,,8,85,7,70,7,70,8,80,7,70,7,75,9,90,,,,,8,80,לוחם וברור,גבוה,9,7,4,8.6,1,7.2,שליחות,90,,,,,,,,,,,0,0,"פיאסצקי מביאה ניסיון עשיר ומוכח במגזר הציבורי והחברתי, עם דגש על שוויון, רווחה וזכויות אדם. פעילותה הענפה בתקופת המשבר (מינואר 2023) בתחום הדמוקרטיה והחברה מחזקת את רלוונטיותה העכשווית.",g,"מסלול חייה המקצועי והציבורי, המתמקד בזכויות אדם, צדק חברתי ודמוקרטיה, מעיד על מחויבות עמוקה וערכית.",6.7,תיקון,85,"הרזומה שלה מבוסס בעיקר על שלטון מקומי: חברת מועצת בת ים, לשעבר סגנית ראש העיר ומחזיקת תיק החינוך, עם זיהוי ליברלי ברור.","העוגן הוא מאבקים מקומיים מתמשכים נגד כפייה דתית ובעד תחב""צ בשבת, זכויות נשים והקהילה הגאה.",,,7.2,שליחות,90,"פיאסצקי מביאה ניסיון עשיר ומוכח במגזר הציבורי והחברתי, עם דגש על שוויון, רווחה וזכויות אדם. פעילותה הענפה בתקופת המשבר (מינואר 2023) בתחום הדמוקרטיה והחברה מחזקת את רלוונטיותה העכשווית.","מסלול חייה המקצועי והציבורי, המתמקד בזכויות אדם, צדק חברתי ודמוקרטיה, מעיד על מחויבות עמוקה וערכית.",0,0
רונן צור,זכר,56,לא,,,9,85,,,,,8,75,,,,,,,,,7,60,,,,,,,8,90,,,,,,,,,9,95,,,,,,,9,90,,,,,8,85,3,75,,,7,70,,,9,90,,,,,7,70,3,85,,,,,לוחם וברור,גבוה,9,2,2,8.0,1,8.2,תיקון,90,,,,,,,,,,,8,7,"רזומה עשיר ורלוונטי מאוד לתקופה הנוכחית, עם ניסיון מוכח בהובלת קמפיינים, ניהול ארגונים אזרחיים משמעותיים (מטה החטופים, מכונת הניצחון) ופעילות פוליטית ארוכת שנים. בולט במיוחד בתחומי דמוקרטיה, שלטון החוק וביטחון, עם יכולת השפעה מוכחת.",g,"הקמת תנועת דגל ישראל ו""מכונת הניצחון"" כחלק מהמחאה נגד הרפורמה המשפטית, והובלת מטה החטופים, מצביעים על רצון עמוק לתקן כשלים ציבוריים ומדיניים.",7.4,קריירה,76,"הרזומה שלו חזק בתקשורת, קמפיינים, ניהול משברים ופוליטיקה: יועץ אסטרטגי ותיק, ח""כ לשעבר ויו""ר מטה משפחות החטופים לשעבר. החולשה היא שכהונתו הפרלמנטרית הייתה קצרה.","ההתמודדות משתלבת במסלול ארוך של ייעוץ פוליטי, תקשורת ציבורית ופעילות מפלגתית.",,,8.2,תיקון,90,"רזומה עשיר ורלוונטי מאוד לתקופה הנוכחית, עם ניסיון מוכח בהובלת קמפיינים, ניהול ארגונים אזרחיים משמעותיים (מטה החטופים, מכונת הניצחון) ופעילות פוליטית ארוכת שנים. בולט במיוחד בתחומי דמוקרטיה, שלטון החוק וביטחון, עם יכולת השפעה מוכחת.","הקמת תנועת דגל ישראל ו""מכונת הניצחון"" כחלק מהמחאה נגד הרפורמה המשפטית, והובלת מטה החטופים, מצביעים על רצון עמוק לתקן כשלים ציבוריים ומדיניים.",8,7
רותם סיון הופמן,נקבה,50,לא ידוע,,,,0,,0,,0,,0,,0,,0,,0,,0,,0,,0,,0,,0,,0,,0,,0,,0,,0,,0,,0,8,85,,0,,0,8,85,,0,,0,,0,,0,,0,,0,,0,,0,8,85,,0,,0,8,85,,0,לא ידוע,נמוך,,,,,1,6.8,שליחות,85,,,,,,,,,,,0,0,"רותם סיון הופמן מביאה ניסיון עשיר בתחום החינוך והחברה האזרחית, עם דגש על פיתוח מנהיגות וחיבורים חברתיים. פעילותה מינואר 2023 ואילך, בדגש על חיזוק החברה האזרחית והתמודדות עם השסעים, מעניקה לה רלוונטיות עכשווית גבוהה, אך חסר ניסיון ביצועי ישיר ברמה הממשלתית או החקיקתית.",g,"מסלול חייה המקצועי והציבורי, בדגש על חינוך וחיבורים חברתיים, מעיד על מחויבות עמוקה וארוכת שנים לתיקון חברתי וחיזוק הדמוקרטיה.",7.7,מומחיות,86,"רזומה מקצועי־ניהולי חזק: רופאה בכירה, נוירורדיולוגית ומצנתרת מוח, מנהלת מכון הדימות במרכז הרפואי מאיר, ושותפה במיזם רפואי־טכנולוגי. לצד זה היא ממובילות אמא ערה, אך אין לה ניסיון פרלמנטרי או ממשלתי.","העוגן המרכזי הוא רצון להביא ידע רפואי־מערכתי, חדשנות וטכנולוגיה למדיניות ציבורית.",,,6.8,שליחות,85,"רותם סיון הופמן מביאה ניסיון עשיר בתחום החינוך והחברה האזרחית, עם דגש על פיתוח מנהיגות וחיבורים חברתיים. פעילותה מינואר 2023 ואילך, בדגש על חיזוק החברה האזרחית והתמודדות עם השסעים, מעניקה לה רלוונטיות עכשווית גבוהה, אך חסר ניסיון ביצועי ישיר ברמה הממשלתית או החקיקתית.","מסלול חייה המקצועי והציבורי, בדגש על חינוך וחיבורים חברתיים, מעיד על מחויבות עמוקה וארוכת שנים לתיקון חברתי וחיזוק הדמוקרטיה.",0,0
רם שפע,זכר,41,לא,,,8,85,7,80,8,85,8,80,8,80,6,50,9,95,8,85,8,80,,,8,80,8,80,7,80,8,85,7,80,6,70,7,75,,,10,95,8,85,7,75,,,8,85,7,75,8,80,7,75,7,75,7,75,7,70,,,9,90,8,80,7,75,,,7,75,7,70,ממלכתי ואחראי,גבוה,7,9,8,7.8,1,6.8,שליחות,85,,,,,,,,,,,6,6,"רם שפע מביא ניסיון פרלמנטרי כחבר כנסת, יו""ר ועדה ויו""ר סיעה, עם התמקדות בנושאי חינוך, צעירים וביטחון. פעילותו בתקופת המשבר (מינואר 2023) כוללת התייצבות ציבורית ברורה והמשך עשייה פרלמנטרית, אך חסר מידע על עומק מומחיות ייחודית בנושאי ליבה ספציפיים מעבר לתפקידיו הכלליים.",g,"פעילותו הציבורית והפוליטית לאורך שנים, החל מפעילות סטודנטיאלית ועד לכנסת, מעידה על מחויבות עמוקה לשינוי חברתי וציבורי.",8.1,קריירה,80,"רזומה פרלמנטרי וחינוכי חזק: ח""כ לשעבר, יו""ר ועדת החינוך, התרבות והספורט, יו""ר התאחדות הסטודנטים ויו""ר סיעה במפלגת העבודה. החוזקה המרכזית היא חינוך, צעירים וספורט, עם ניסיון פוליטי ממשי אך פחות עומק ביטחוני־מדיני.","הכניסה המחודשת נראית כהמשך ישיר למסלול ציבורי־פוליטי קודם כח""כ, יו""ר ועדה ופעיל חינוכי־חברתי.",,,6.8,שליחות,85,"רם שפע מביא ניסיון פרלמנטרי כחבר כנסת, יו""ר ועדה ויו""ר סיעה, עם התמקדות בנושאי חינוך, צעירים וביטחון. פעילותו בתקופת המשבר (מינואר 2023) כוללת התייצבות ציבורית ברורה והמשך עשייה פרלמנטרית, אך חסר מידע על עומק מומחיות ייחודית בנושאי ליבה ספציפיים מעבר לתפקידיו הכלליים.","פעילותו הציבורית והפוליטית לאורך שנים, החל מפעילות סטודנטיאלית ועד לכנסת, מעידה על מחויבות עמוקה לשינוי חברתי וציבורי.",6,6
תומר אביטל,זכר,43,לא ידוע,,,10,95,7,70,,,8,75,,,,,,,9,85,8,75,10,95,,,9,80,10,95,,,,,,,,,,,,,9,85,,,10,95,,,8,75,10,95,7,70,,,7,70,,,,,,,8,80,7,70,10,95,,,8,75,לוחם וברור,גבוה,10,7,6,8.7,1,8.8,תיקון,95,,,,,,,,,,,2,3,"רזומה עשיר וייחודי באקטיביזם אזרחי, עיתונות חוקרת ויזמות חברתית, עם התמחות עמוקה בשקיפות, טוהר מידות ותיקון מוסדי. פעילותו מינואר 2023, כולל ייזום שביתות למען הדמוקרטיה, מחזקת את רלוונטיותו העכשווית ואת התאמתו לאתגרי המפלגה.",g,"כל הקריירה שלו סובבת סביב זיהוי כשלים מוסדיים וניסיון לתקן אותם מבחוץ, וכעת הוא מצהיר במפורש על רצונו ""לשבור את השיטה ולתקן מבפנים"".",7.7,תיקון,92,"רזומה חזק בתחום שקיפות, עיתונות חוקרת ואקטיביזם אזרחי: מייסד שקוף, ממייסדי לובי 99 ומוביל פרויקטים ציבוריים של ביקורת שלטונית. אין לו ניסיון פרלמנטרי או ממשלתי, אך יש לו הוכחת ביצוע ברורה בבניית מוסדות אזרחיים.",הוא מצהיר שהוא רץ לכנסת כדי לשבור את השיטה ולתקן אותה מבפנים.,,,8.8,תיקון,95,"רזומה עשיר וייחודי באקטיביזם אזרחי, עיתונות חוקרת ויזמות חברתית, עם התמחות עמוקה בשקיפות, טוהר מידות ותיקון מוסדי. פעילותו מינואר 2023, כולל ייזום שביתות למען הדמוקרטיה, מחזקת את רלוונטיותו העכשווית ואת התאמתו לאתגרי המפלגה.","כל הקריירה שלו סובבת סביב זיהוי כשלים מוסדיים וניסיון לתקן אותם מבחוץ, וכעת הוא מצהיר במפורש על רצונו ""לשבור את השיטה ולתקן מבפנים"".",2,3
