candidate_id,axis,topic_code,topic,topic_score,known_count,total_count,coverage_pct
אבי דבוש,deot,D01,"דמוקרטיה, שלטון החוק ואחריות ציבורית",75.2,16.0,16.0,100
אבי דבוש,deot,D02,המאבק על ההגמוניה,78.8,17.0,17.0,100
אבי דבוש,deot,D03,"חרדים, גיוס ושוויון חובות",60.4,7.0,7.0,100
אבי דבוש,deot,D04,שוויון ושותפות יהודית־ערבית,78.2,6.0,6.0,100
אבי דבוש,deot,D05,"ביטחון, פלסטינים ועתיד השטחים",72.6,7.0,7.0,100
אבי דבוש,deot,D06,"חברה, רווחה ופריפריה",93.9,7.0,7.0,100
אבי דבוש,tadmit,T01,זהות וייצוג,73.5,11.0,11.0,100
אבי דבוש,tadmit,T02,ממלכתיות ואחריות,85.0,4.0,4.0,100
אבי דבוש,tadmit,T03,יושרה ואמינות,85.0,6.0,6.0,100
אבי דבוש,tadmit,T04,תקשורתיות ונראות,83.6,5.0,5.0,100
אבי דבוש,tadmit,T05,אותנטיות וסיפור אישי,92.0,1.0,1.0,100
אבי דבוש,yecholot,Y01,"מומחיות מדינית, ביטחונית וממשלית",29.5,2.0,6.0,33
אבי דבוש,yecholot,Y02,"ארגון, ניהול וביצוע",32.9,0.0,6.0,0
אבי דבוש,yecholot,Y03,"חקיקה, פוליטיקה ומוסדות",31.1,3.0,6.0,50
אבי דבוש,yecholot,Y04,"תקשורת, הסברה והשפעה ציבורית",31.4,2.0,6.0,33
אבי דבוש,yecholot,Y05,חיבור בין קהלים ועולמות,30.4,1.0,6.0,17
אבי דבוש,yecholot,Y06,"חדשנות, למידה ושיתוף ציבור",30.8,1.0,6.0,17
אבתיסאם מראענה־מנוחין,deot,D01,"דמוקרטיה, שלטון החוק ואחריות ציבורית",59.7,12.0,16.0,75
אבתיסאם מראענה־מנוחין,deot,D02,המאבק על ההגמוניה,50.2,8.0,17.0,47
אבתיסאם מראענה־מנוחין,deot,D03,"חרדים, גיוס ושוויון חובות",62.8,5.0,7.0,71
אבתיסאם מראענה־מנוחין,deot,D04,שוויון ושותפות יהודית־ערבית,93.8,6.0,6.0,100
אבתיסאם מראענה־מנוחין,deot,D05,"ביטחון, פלסטינים ועתיד השטחים",39.2,6.0,7.0,86
אבתיסאם מראענה־מנוחין,deot,D06,"חברה, רווחה ופריפריה",56.7,6.0,7.0,86
אבתיסאם מראענה־מנוחין,tadmit,T01,זהות וייצוג,73.0,10.0,11.0,91
אבתיסאם מראענה־מנוחין,tadmit,T02,ממלכתיות ואחריות,57.0,4.0,4.0,100
אבתיסאם מראענה־מנוחין,tadmit,T03,יושרה ואמינות,65.3,6.0,6.0,100
אבתיסאם מראענה־מנוחין,tadmit,T04,תקשורתיות ונראות,92.4,5.0,5.0,100
אבתיסאם מראענה־מנוחין,tadmit,T05,אותנטיות וסיפור אישי,84.0,1.0,1.0,100
אבתיסאם מראענה־מנוחין,yecholot,Y01,"מומחיות מדינית, ביטחונית וממשלית",30.9,4.0,6.0,67
אבתיסאם מראענה־מנוחין,yecholot,Y02,"ארגון, ניהול וביצוע",34.7,3.0,6.0,50
אבתיסאם מראענה־מנוחין,yecholot,Y03,"חקיקה, פוליטיקה ומוסדות",32.4,2.0,6.0,33
אבתיסאם מראענה־מנוחין,yecholot,Y04,"תקשורת, הסברה והשפעה ציבורית",32.8,1.0,6.0,17
אבתיסאם מראענה־מנוחין,yecholot,Y05,חיבור בין קהלים ועולמות,30.9,3.0,6.0,50
אבתיסאם מראענה־מנוחין,yecholot,Y06,"חדשנות, למידה ושיתוף ציבור",31.7,2.0,6.0,33
אורי_זכי,deot,D01,"דמוקרטיה, שלטון החוק ואחריות ציבורית",59.9,13.0,16.0,81
אורי_זכי,deot,D02,המאבק על ההגמוניה,50.8,12.0,17.0,71
אורי_זכי,deot,D03,"חרדים, גיוס ושוויון חובות",62.7,6.0,7.0,86
אורי_זכי,deot,D04,שוויון ושותפות יהודית־ערבית,72.3,6.0,6.0,100
אורי_זכי,deot,D05,"ביטחון, פלסטינים ועתיד השטחים",72.5,7.0,7.0,100
אורי_זכי,deot,D06,"חברה, רווחה ופריפריה",35.7,5.0,7.0,71
אורי_זכי,tadmit,T01,זהות וייצוג,48.7,9.0,11.0,82
אורי_זכי,tadmit,T02,ממלכתיות ואחריות,53.1,4.0,4.0,100
אורי_זכי,tadmit,T03,יושרה ואמינות,57.8,6.0,6.0,100
אורי_זכי,tadmit,T04,תקשורתיות ונראות,70.8,5.0,5.0,100
אורי_זכי,tadmit,T05,אותנטיות וסיפור אישי,31.0,1.0,1.0,100
אורי_זכי,yecholot,Y01,"מומחיות מדינית, ביטחונית וממשלית",30.8,2.0,6.0,33
אורי_זכי,yecholot,Y02,"ארגון, ניהול וביצוע",33.3,2.0,6.0,33
אורי_זכי,yecholot,Y03,"חקיקה, פוליטיקה ומוסדות",31.9,3.0,6.0,50
אורי_זכי,yecholot,Y04,"תקשורת, הסברה והשפעה ציבורית",32.3,2.0,6.0,33
אורי_זכי,yecholot,Y05,חיבור בין קהלים ועולמות,30.8,2.0,6.0,33
אורי_זכי,yecholot,Y06,"חדשנות, למידה ושיתוף ציבור",32.6,3.0,6.0,50
איהאב שליאן,deot,D01,"דמוקרטיה, שלטון החוק ואחריות ציבורית",59.3,13.0,16.0,81
איהאב שליאן,deot,D02,המאבק על ההגמוניה,59.2,9.0,17.0,53
איהאב שליאן,deot,D03,"חרדים, גיוס ושוויון חובות",44.9,7.0,7.0,100
איהאב שליאן,deot,D04,שוויון ושותפות יהודית־ערבית,75.0,6.0,6.0,100
איהאב שליאן,deot,D05,"ביטחון, פלסטינים ועתיד השטחים",62.4,1.0,7.0,14
איהאב שליאן,deot,D06,"חברה, רווחה ופריפריה",63.3,4.0,7.0,57
איהאב שליאן,tadmit,T01,זהות וייצוג,68.2,9.0,11.0,82
איהאב שליאן,tadmit,T02,ממלכתיות ואחריות,76.0,4.0,4.0,100
איהאב שליאן,tadmit,T03,יושרה ואמינות,68.5,6.0,6.0,100
איהאב שליאן,tadmit,T04,תקשורתיות ונראות,68.8,5.0,5.0,100
איהאב שליאן,tadmit,T05,אותנטיות וסיפור אישי,78.0,1.0,1.0,100
איהאב שליאן,yecholot,Y01,"מומחיות מדינית, ביטחונית וממשלית",31.1,1.0,6.0,17
איהאב שליאן,yecholot,Y02,"ארגון, ניהול וביצוע",32.7,1.0,6.0,17
איהאב שליאן,yecholot,Y03,"חקיקה, פוליטיקה ומוסדות",30.0,3.0,6.0,50
איהאב שליאן,yecholot,Y04,"תקשורת, הסברה והשפעה ציבורית",32.4,1.0,6.0,17
איהאב שליאן,yecholot,Y05,חיבור בין קהלים ועולמות,31.1,2.0,6.0,33
איהאב שליאן,yecholot,Y06,"חדשנות, למידה ושיתוף ציבור",31.6,2.0,6.0,33
איילת השחר סיידוף,deot,D01,"דמוקרטיה, שלטון החוק ואחריות ציבורית",50.1,12.0,16.0,75
איילת השחר סיידוף,deot,D02,המאבק על ההגמוניה,41.4,11.0,17.0,65
איילת השחר סיידוף,deot,D03,"חרדים, גיוס ושוויון חובות",66.5,6.0,7.0,86
איילת השחר סיידוף,deot,D04,שוויון ושותפות יהודית־ערבית,49.5,4.0,6.0,67
איילת השחר סיידוף,deot,D05,"ביטחון, פלסטינים ועתיד השטחים",55.2,1.0,7.0,14
איילת השחר סיידוף,deot,D06,"חברה, רווחה ופריפריה",59.8,1.0,7.0,14
איילת השחר סיידוף,tadmit,T01,זהות וייצוג,50.0,9.0,11.0,82
איילת השחר סיידוף,tadmit,T02,ממלכתיות ואחריות,52.2,4.0,4.0,100
איילת השחר סיידוף,tadmit,T03,יושרה ואמינות,51.9,6.0,6.0,100
איילת השחר סיידוף,tadmit,T04,תקשורתיות ונראות,75.2,5.0,5.0,100
איילת השחר סיידוף,tadmit,T05,אותנטיות וסיפור אישי,82.0,1.0,1.0,100
איילת השחר סיידוף,yecholot,Y01,"מומחיות מדינית, ביטחונית וממשלית",29.6,5.0,6.0,83
איילת השחר סיידוף,yecholot,Y02,"ארגון, ניהול וביצוע",32.7,1.0,6.0,17
איילת השחר סיידוף,yecholot,Y03,"חקיקה, פוליטיקה ומוסדות",29.8,6.0,6.0,100
איילת השחר סיידוף,yecholot,Y04,"תקשורת, הסברה והשפעה ציבורית",32.2,1.0,6.0,17
איילת השחר סיידוף,yecholot,Y05,חיבור בין קהלים ועולמות,29.7,2.0,6.0,33
איילת השחר סיידוף,yecholot,Y06,"חדשנות, למידה ושיתוף ציבור",30.4,4.0,6.0,67
אמילי_מואטי,deot,D01,"דמוקרטיה, שלטון החוק ואחריות ציבורית",57.6,15.0,16.0,94
אמילי_מואטי,deot,D02,המאבק על ההגמוניה,62.6,15.0,17.0,88
אמילי_מואטי,deot,D03,"חרדים, גיוס ושוויון חובות",54.9,6.0,7.0,86
אמילי_מואטי,deot,D04,שוויון ושותפות יהודית־ערבית,56.8,6.0,6.0,100
אמילי_מואטי,deot,D05,"ביטחון, פלסטינים ועתיד השטחים",67.2,7.0,7.0,100
אמילי_מואטי,deot,D06,"חברה, רווחה ופריפריה",73.3,7.0,7.0,100
אמילי_מואטי,tadmit,T01,זהות וייצוג,78.5,11.0,11.0,100
אמילי_מואטי,tadmit,T02,ממלכתיות ואחריות,52.6,4.0,4.0,100
אמילי_מואטי,tadmit,T03,יושרה ואמינות,80.7,6.0,6.0,100
אמילי_מואטי,tadmit,T04,תקשורתיות ונראות,88.8,5.0,5.0,100
אמילי_מואטי,tadmit,T05,אותנטיות וסיפור אישי,88.0,1.0,1.0,100
אמילי_מואטי,yecholot,Y01,"מומחיות מדינית, ביטחונית וממשלית",30.1,0.0,6.0,0
אמילי_מואטי,yecholot,Y02,"ארגון, ניהול וביצוע",30.7,5.0,6.0,83
אמילי_מואטי,yecholot,Y03,"חקיקה, פוליטיקה ומוסדות",29.8,1.0,6.0,17
אמילי_מואטי,yecholot,Y04,"תקשורת, הסברה והשפעה ציבורית",31.9,0.0,6.0,0
אמילי_מואטי,yecholot,Y05,חיבור בין קהלים ועולמות,30.3,2.0,6.0,33
אמילי_מואטי,yecholot,Y06,"חדשנות, למידה ושיתוף ציבור",30.0,2.0,6.0,33
אפרת רייטן,deot,D01,"דמוקרטיה, שלטון החוק ואחריות ציבורית",78.8,16.0,16.0,100
אפרת רייטן,deot,D02,המאבק על ההגמוניה,58.2,15.0,17.0,88
אפרת רייטן,deot,D03,"חרדים, גיוס ושוויון חובות",56.7,7.0,7.0,100
אפרת רייטן,deot,D04,שוויון ושותפות יהודית־ערבית,52.9,4.0,6.0,67
אפרת רייטן,deot,D05,"ביטחון, פלסטינים ועתיד השטחים",57.4,6.0,7.0,86
אפרת רייטן,deot,D06,"חברה, רווחה ופריפריה",63.5,7.0,7.0,100
אפרת רייטן,tadmit,T01,זהות וייצוג,54.9,10.0,11.0,91
אפרת רייטן,tadmit,T02,ממלכתיות ואחריות,83.8,4.0,4.0,100
אפרת רייטן,tadmit,T03,יושרה ואמינות,87.5,6.0,6.0,100
אפרת רייטן,tadmit,T04,תקשורתיות ונראות,84.0,5.0,5.0,100
אפרת רייטן,tadmit,T05,אותנטיות וסיפור אישי,80.0,1.0,1.0,100
אפרת רייטן,yecholot,Y01,"מומחיות מדינית, ביטחונית וממשלית",32.5,5.0,6.0,83
אפרת רייטן,yecholot,Y02,"ארגון, ניהול וביצוע",32.9,0.0,6.0,0
אפרת רייטן,yecholot,Y03,"חקיקה, פוליטיקה ומוסדות",30.6,1.0,6.0,17
אפרת רייטן,yecholot,Y04,"תקשורת, הסברה והשפעה ציבורית",32.4,2.0,6.0,33
אפרת רייטן,yecholot,Y05,חיבור בין קהלים ועולמות,30.5,4.0,6.0,67
אפרת רייטן,yecholot,Y06,"חדשנות, למידה ושיתוף ציבור",30.7,3.0,6.0,50
גאלב סלאמנה,deot,D01,"דמוקרטיה, שלטון החוק ואחריות ציבורית",51.4,15.0,16.0,94
גאלב סלאמנה,deot,D02,המאבק על ההגמוניה,53.4,15.0,17.0,88
גאלב סלאמנה,deot,D03,"חרדים, גיוס ושוויון חובות",36.7,5.0,7.0,71
גאלב סלאמנה,deot,D04,שוויון ושותפות יהודית־ערבית,86.0,6.0,6.0,100
גאלב סלאמנה,deot,D05,"ביטחון, פלסטינים ועתיד השטחים",48.4,7.0,7.0,100
גאלב סלאמנה,deot,D06,"חברה, רווחה ופריפריה",40.5,4.0,7.0,57
גאלב סלאמנה,tadmit,T01,זהות וייצוג,71.6,8.0,11.0,73
גאלב סלאמנה,tadmit,T02,ממלכתיות ואחריות,48.8,4.0,4.0,100
גאלב סלאמנה,tadmit,T03,יושרה ואמינות,62.9,6.0,6.0,100
גאלב סלאמנה,tadmit,T04,תקשורתיות ונראות,52.6,5.0,5.0,100
גאלב סלאמנה,tadmit,T05,אותנטיות וסיפור אישי,70.0,1.0,1.0,100
גאלב סלאמנה,yecholot,Y01,"מומחיות מדינית, ביטחונית וממשלית",27.9,4.0,6.0,67
גאלב סלאמנה,yecholot,Y02,"ארגון, ניהול וביצוע",32.0,6.0,6.0,100
גאלב סלאמנה,yecholot,Y03,"חקיקה, פוליטיקה ומוסדות",28.3,6.0,6.0,100
גאלב סלאמנה,yecholot,Y04,"תקשורת, הסברה והשפעה ציבורית",32.4,5.0,6.0,83
גאלב סלאמנה,yecholot,Y05,חיבור בין קהלים ועולמות,30.0,1.0,6.0,17
גאלב סלאמנה,yecholot,Y06,"חדשנות, למידה ושיתוף ציבור",28.8,5.0,6.0,83
גבי לסקי,deot,D01,"דמוקרטיה, שלטון החוק ואחריות ציבורית",65.1,16.0,16.0,100
גבי לסקי,deot,D02,המאבק על ההגמוניה,36.0,16.0,17.0,94
גבי לסקי,deot,D03,"חרדים, גיוס ושוויון חובות",73.0,7.0,7.0,100
גבי לסקי,deot,D04,שוויון ושותפות יהודית־ערבית,75.8,6.0,6.0,100
גבי לסקי,deot,D05,"ביטחון, פלסטינים ועתיד השטחים",76.3,7.0,7.0,100
גבי לסקי,deot,D06,"חברה, רווחה ופריפריה",74.0,7.0,7.0,100
גבי לסקי,tadmit,T01,זהות וייצוג,67.3,8.0,11.0,73
גבי לסקי,tadmit,T02,ממלכתיות ואחריות,65.0,4.0,4.0,100
גבי לסקי,tadmit,T03,יושרה ואמינות,89.0,6.0,6.0,100
גבי לסקי,tadmit,T04,תקשורתיות ונראות,82.4,5.0,5.0,100
גבי לסקי,tadmit,T05,אותנטיות וסיפור אישי,92.0,1.0,1.0,100
גבי לסקי,yecholot,Y01,"מומחיות מדינית, ביטחונית וממשלית",33.1,5.0,6.0,83
גבי לסקי,yecholot,Y02,"ארגון, ניהול וביצוע",33.7,1.0,6.0,17
גבי לסקי,yecholot,Y03,"חקיקה, פוליטיקה ומוסדות",32.4,2.0,6.0,33
גבי לסקי,yecholot,Y04,"תקשורת, הסברה והשפעה ציבורית",32.8,1.0,6.0,17
גבי לסקי,yecholot,Y05,חיבור בין קהלים ועולמות,30.6,1.0,6.0,17
גבי לסקי,yecholot,Y06,"חדשנות, למידה ושיתוף ציבור",33.9,4.0,6.0,67
גלעד קריב,deot,D01,"דמוקרטיה, שלטון החוק ואחריות ציבורית",86.6,16.0,16.0,100
גלעד קריב,deot,D02,המאבק על ההגמוניה,64.5,16.0,17.0,94
גלעד קריב,deot,D03,"חרדים, גיוס ושוויון חובות",93.0,7.0,7.0,100
גלעד קריב,deot,D04,שוויון ושותפות יהודית־ערבית,80.8,6.0,6.0,100
גלעד קריב,deot,D05,"ביטחון, פלסטינים ועתיד השטחים",88.0,7.0,7.0,100
גלעד קריב,deot,D06,"חברה, רווחה ופריפריה",72.7,7.0,7.0,100
גלעד קריב,tadmit,T01,זהות וייצוג,63.3,10.0,11.0,91
גלעד קריב,tadmit,T02,ממלכתיות ואחריות,90.8,4.0,4.0,100
גלעד קריב,tadmit,T03,יושרה ואמינות,93.7,6.0,6.0,100
גלעד קריב,tadmit,T04,תקשורתיות ונראות,93.4,5.0,5.0,100
גלעד קריב,tadmit,T05,אותנטיות וסיפור אישי,93.0,1.0,1.0,100
גלעד קריב,yecholot,Y01,"מומחיות מדינית, ביטחונית וממשלית",30.1,0.0,6.0,0
גלעד קריב,yecholot,Y02,"ארגון, ניהול וביצוע",33.7,1.0,6.0,17
גלעד קריב,yecholot,Y03,"חקיקה, פוליטיקה ומוסדות",32.1,1.0,6.0,17
גלעד קריב,yecholot,Y04,"תקשורת, הסברה והשפעה ציבורית",32.8,1.0,6.0,17
גלעד קריב,yecholot,Y05,חיבור בין קהלים ועולמות,31.3,2.0,6.0,33
גלעד קריב,yecholot,Y06,"חדשנות, למידה ושיתוף ציבור",32.3,2.0,6.0,33
דני אלגרט,deot,D01,"דמוקרטיה, שלטון החוק ואחריות ציבורית",69.6,14.0,16.0,88
דני אלגרט,deot,D02,המאבק על ההגמוניה,55.2,1.0,17.0,6
דני אלגרט,deot,D03,"חרדים, גיוס ושוויון חובות",63.8,0.0,7.0,0
דני אלגרט,deot,D04,שוויון ושותפות יהודית־ערבית,66.2,0.0,6.0,0
דני אלגרט,deot,D05,"ביטחון, פלסטינים ועתיד השטחים",65.8,1.0,7.0,14
דני אלגרט,deot,D06,"חברה, רווחה ופריפריה",67.6,1.0,7.0,14
דני אלגרט,tadmit,T01,זהות וייצוג,61.8,0.0,11.0,0
דני אלגרט,tadmit,T02,ממלכתיות ואחריות,68.8,4.0,4.0,100
דני אלגרט,tadmit,T03,יושרה ואמינות,72.5,6.0,6.0,100
דני אלגרט,tadmit,T04,תקשורתיות ונראות,71.2,5.0,5.0,100
דני אלגרט,tadmit,T05,אותנטיות וסיפור אישי,82.0,1.0,1.0,100
דני אלגרט,yecholot,Y01,"מומחיות מדינית, ביטחונית וממשלית",30.4,3.0,6.0,50
דני אלגרט,yecholot,Y02,"ארגון, ניהול וביצוע",32.9,0.0,6.0,0
דני אלגרט,yecholot,Y03,"חקיקה, פוליטיקה ומוסדות",29.8,2.0,6.0,33
דני אלגרט,yecholot,Y04,"תקשורת, הסברה והשפעה ציבורית",31.2,2.0,6.0,33
דני אלגרט,yecholot,Y05,חיבור בין קהלים ועולמות,29.4,3.0,6.0,50
דני אלגרט,yecholot,Y06,"חדשנות, למידה ושיתוף ציבור",29.6,3.0,6.0,50
דר אמיר ח'ניפס,deot,D01,"דמוקרטיה, שלטון החוק ואחריות ציבורית",47.0,9.0,16.0,56
דר אמיר ח'ניפס,deot,D02,המאבק על ההגמוניה,51.7,13.0,17.0,76
דר אמיר ח'ניפס,deot,D03,"חרדים, גיוס ושוויון חובות",64.4,5.0,7.0,71
דר אמיר ח'ניפס,deot,D04,שוויון ושותפות יהודית־ערבית,64.8,3.0,6.0,50
דר אמיר ח'ניפס,deot,D05,"ביטחון, פלסטינים ועתיד השטחים",56.3,3.0,7.0,43
דר אמיר ח'ניפס,deot,D06,"חברה, רווחה ופריפריה",48.7,5.0,7.0,71
דר אמיר ח'ניפס,tadmit,T01,זהות וייצוג,39.4,9.0,11.0,82
דר אמיר ח'ניפס,tadmit,T02,ממלכתיות ואחריות,65.4,3.0,4.0,75
דר אמיר ח'ניפס,tadmit,T03,יושרה ואמינות,42.9,5.0,6.0,83
דר אמיר ח'ניפס,tadmit,T04,תקשורתיות ונראות,25.5,4.0,5.0,80
דר אמיר ח'ניפס,tadmit,T05,אותנטיות וסיפור אישי,0.0,1.0,1.0,100
דר אמיר ח'ניפס,yecholot,Y01,"מומחיות מדינית, ביטחונית וממשלית",33.8,3.0,6.0,50
דר אמיר ח'ניפס,yecholot,Y02,"ארגון, ניהול וביצוע",34.8,3.0,6.0,50
דר אמיר ח'ניפס,yecholot,Y03,"חקיקה, פוליטיקה ומוסדות",32.0,2.0,6.0,33
דר אמיר ח'ניפס,yecholot,Y04,"תקשורת, הסברה והשפעה ציבורית",32.3,1.0,6.0,17
דר אמיר ח'ניפס,yecholot,Y05,חיבור בין קהלים ועולמות,30.2,0.0,6.0,0
דר אמיר ח'ניפס,yecholot,Y06,"חדשנות, למידה ושיתוף ציבור",31.3,0.0,6.0,0
הדס רגולסקי,deot,D01,"דמוקרטיה, שלטון החוק ואחריות ציבורית",79.1,16.0,16.0,100
הדס רגולסקי,deot,D02,המאבק על ההגמוניה,40.7,10.0,17.0,59
הדס רגולסקי,deot,D03,"חרדים, גיוס ושוויון חובות",79.0,7.0,7.0,100
הדס רגולסקי,deot,D04,שוויון ושותפות יהודית־ערבית,51.1,6.0,6.0,100
הדס רגולסקי,deot,D05,"ביטחון, פלסטינים ועתיד השטחים",64.0,1.0,7.0,14
הדס רגולסקי,deot,D06,"חברה, רווחה ופריפריה",60.7,7.0,7.0,100
הדס רגולסקי,tadmit,T01,זהות וייצוג,71.1,8.0,11.0,73
הדס רגולסקי,tadmit,T02,ממלכתיות ואחריות,86.0,4.0,4.0,100
הדס רגולסקי,tadmit,T03,יושרה ואמינות,86.0,6.0,6.0,100
הדס רגולסקי,tadmit,T04,תקשורתיות ונראות,82.8,5.0,5.0,100
הדס רגולסקי,tadmit,T05,אותנטיות וסיפור אישי,86.0,1.0,1.0,100
הדס רגולסקי,yecholot,Y01,"מומחיות מדינית, ביטחונית וממשלית",25.0,6.0,6.0,100
הדס רגולסקי,yecholot,Y02,"ארגון, ניהול וביצוע",32.9,0.0,6.0,0
הדס רגולסקי,yecholot,Y03,"חקיקה, פוליטיקה ומוסדות",32.2,5.0,6.0,83
הדס רגולסקי,yecholot,Y04,"תקשורת, הסברה והשפעה ציבורית",31.9,0.0,6.0,0
הדס רגולסקי,yecholot,Y05,חיבור בין קהלים ועולמות,28.9,4.0,6.0,67
הדס רגולסקי,yecholot,Y06,"חדשנות, למידה ושיתוף ציבור",31.3,0.0,6.0,0
יאיא פינק,deot,D01,"דמוקרטיה, שלטון החוק ואחריות ציבורית",76.4,15.0,16.0,94
יאיא פינק,deot,D02,המאבק על ההגמוניה,63.8,16.0,17.0,94
יאיא פינק,deot,D03,"חרדים, גיוס ושוויון חובות",94.9,7.0,7.0,100
יאיא פינק,deot,D04,שוויון ושותפות יהודית־ערבית,61.1,5.0,6.0,83
יאיא פינק,deot,D05,"ביטחון, פלסטינים ועתיד השטחים",42.2,4.0,7.0,57
יאיא פינק,deot,D06,"חברה, רווחה ופריפריה",76.1,7.0,7.0,100
יאיא פינק,tadmit,T01,זהות וייצוג,65.4,10.0,11.0,91
יאיא פינק,tadmit,T02,ממלכתיות ואחריות,88.0,4.0,4.0,100
יאיא פינק,tadmit,T03,יושרה ואמינות,91.5,6.0,6.0,100
יאיא פינק,tadmit,T04,תקשורתיות ונראות,95.2,5.0,5.0,100
יאיא פינק,tadmit,T05,אותנטיות וסיפור אישי,96.0,1.0,1.0,100
יאיא פינק,yecholot,Y01,"מומחיות מדינית, ביטחונית וממשלית",32.9,4.0,6.0,67
יאיא פינק,yecholot,Y02,"ארגון, ניהול וביצוע",32.9,0.0,6.0,0
יאיא פינק,yecholot,Y03,"חקיקה, פוליטיקה ומוסדות",32.0,1.0,6.0,17
יאיא פינק,yecholot,Y04,"תקשורת, הסברה והשפעה ציבורית",31.9,0.0,6.0,0
יאיא פינק,yecholot,Y05,חיבור בין קהלים ועולמות,31.9,1.0,6.0,17
יאיא פינק,yecholot,Y06,"חדשנות, למידה ושיתוף ציבור",31.3,0.0,6.0,0
יאיר רובינשטיין,deot,D01,"דמוקרטיה, שלטון החוק ואחריות ציבורית",60.1,15.0,16.0,94
יאיר רובינשטיין,deot,D02,המאבק על ההגמוניה,59.2,17.0,17.0,100
יאיר רובינשטיין,deot,D03,"חרדים, גיוס ושוויון חובות",90.8,7.0,7.0,100
יאיר רובינשטיין,deot,D04,שוויון ושותפות יהודית־ערבית,88.0,6.0,6.0,100
יאיר רובינשטיין,deot,D05,"ביטחון, פלסטינים ועתיד השטחים",54.7,7.0,7.0,100
יאיר רובינשטיין,deot,D06,"חברה, רווחה ופריפריה",63.0,4.0,7.0,57
יאיר רובינשטיין,tadmit,T01,זהות וייצוג,69.9,6.0,11.0,55
יאיר רובינשטיין,tadmit,T02,ממלכתיות ואחריות,72.0,4.0,4.0,100
יאיר רובינשטיין,tadmit,T03,יושרה ואמינות,64.6,6.0,6.0,100
יאיר רובינשטיין,tadmit,T04,תקשורתיות ונראות,49.4,5.0,5.0,100
יאיר רובינשטיין,tadmit,T05,אותנטיות וסיפור אישי,72.0,1.0,1.0,100
יאיר רובינשטיין,yecholot,Y01,"מומחיות מדינית, ביטחונית וממשלית",30.7,5.0,6.0,83
יאיר רובינשטיין,yecholot,Y02,"ארגון, ניהול וביצוע",32.5,1.0,6.0,17
יאיר רובינשטיין,yecholot,Y03,"חקיקה, פוליטיקה ומוסדות",31.3,3.0,6.0,50
יאיר רובינשטיין,yecholot,Y04,"תקשורת, הסברה והשפעה ציבורית",30.5,6.0,6.0,100
יאיר רובינשטיין,yecholot,Y05,חיבור בין קהלים ועולמות,29.9,1.0,6.0,17
יאיר רובינשטיין,yecholot,Y06,"חדשנות, למידה ושיתוף ציבור",33.0,6.0,6.0,100
לי הופמן אגיב,deot,D01,"דמוקרטיה, שלטון החוק ואחריות ציבורית",64.3,16.0,16.0,100
לי הופמן אגיב,deot,D02,המאבק על ההגמוניה,40.1,10.0,17.0,59
לי הופמן אגיב,deot,D03,"חרדים, גיוס ושוויון חובות",69.2,6.0,7.0,86
לי הופמן אגיב,deot,D04,שוויון ושותפות יהודית־ערבית,47.8,3.0,6.0,50
לי הופמן אגיב,deot,D05,"ביטחון, פלסטינים ועתיד השטחים",63.6,1.0,7.0,14
לי הופמן אגיב,deot,D06,"חברה, רווחה ופריפריה",54.8,7.0,7.0,100
לי הופמן אגיב,tadmit,T01,זהות וייצוג,66.0,6.0,11.0,55
לי הופמן אגיב,tadmit,T02,ממלכתיות ואחריות,72.0,4.0,4.0,100
לי הופמן אגיב,tadmit,T03,יושרה ואמינות,72.0,6.0,6.0,100
לי הופמן אגיב,tadmit,T04,תקשורתיות ונראות,70.4,5.0,5.0,100
לי הופמן אגיב,tadmit,T05,אותנטיות וסיפור אישי,72.0,1.0,1.0,100
לי הופמן אגיב,yecholot,Y01,"מומחיות מדינית, ביטחונית וממשלית",30.1,0.0,6.0,0
לי הופמן אגיב,yecholot,Y02,"ארגון, ניהול וביצוע",32.9,0.0,6.0,0
לי הופמן אגיב,yecholot,Y03,"חקיקה, פוליטיקה ומוסדות",28.1,6.0,6.0,100
לי הופמן אגיב,yecholot,Y04,"תקשורת, הסברה והשפעה ציבורית",31.9,0.0,6.0,0
לי הופמן אגיב,yecholot,Y05,חיבור בין קהלים ועולמות,27.6,4.0,6.0,67
לי הופמן אגיב,yecholot,Y06,"חדשנות, למידה ושיתוף ציבור",31.3,0.0,6.0,0
מאלק בדר,deot,D01,"דמוקרטיה, שלטון החוק ואחריות ציבורית",52.1,10.0,16.0,62
מאלק בדר,deot,D02,המאבק על ההגמוניה,59.7,16.0,17.0,94
מאלק בדר,deot,D03,"חרדים, גיוס ושוויון חובות",51.3,6.0,7.0,86
מאלק בדר,deot,D04,שוויון ושותפות יהודית־ערבית,79.1,6.0,6.0,100
מאלק בדר,deot,D05,"ביטחון, פלסטינים ועתיד השטחים",55.9,1.0,7.0,14
מאלק בדר,deot,D06,"חברה, רווחה ופריפריה",71.7,5.0,7.0,71
מאלק בדר,tadmit,T01,זהות וייצוג,69.9,9.0,11.0,82
מאלק בדר,tadmit,T02,ממלכתיות ואחריות,71.0,4.0,4.0,100
מאלק בדר,tadmit,T03,יושרה ואמינות,66.6,6.0,6.0,100
מאלק בדר,tadmit,T04,תקשורתיות ונראות,58.4,5.0,5.0,100
מאלק בדר,tadmit,T05,אותנטיות וסיפור אישי,70.0,1.0,1.0,100
מאלק בדר,yecholot,Y01,"מומחיות מדינית, ביטחונית וממשלית",29.1,3.0,6.0,50
מאלק בדר,yecholot,Y02,"ארגון, ניהול וביצוע",32.3,2.0,6.0,33
מאלק בדר,yecholot,Y03,"חקיקה, פוליטיקה ומוסדות",28.7,4.0,6.0,67
מאלק בדר,yecholot,Y04,"תקשורת, הסברה והשפעה ציבורית",29.7,6.0,6.0,100
מאלק בדר,yecholot,Y05,חיבור בין קהלים ועולמות,29.8,2.0,6.0,33
מאלק בדר,yecholot,Y06,"חדשנות, למידה ושיתוף ציבור",29.2,4.0,6.0,67
מהרטה ברוך רון,deot,D01,"דמוקרטיה, שלטון החוק ואחריות ציבורית",43.4,15.0,16.0,94
מהרטה ברוך רון,deot,D02,המאבק על ההגמוניה,55.1,16.0,17.0,94
מהרטה ברוך רון,deot,D03,"חרדים, גיוס ושוויון חובות",40.5,7.0,7.0,100
מהרטה ברוך רון,deot,D04,שוויון ושותפות יהודית־ערבית,55.6,5.0,6.0,83
מהרטה ברוך רון,deot,D05,"ביטחון, פלסטינים ועתיד השטחים",60.1,0.0,7.0,0
מהרטה ברוך רון,deot,D06,"חברה, רווחה ופריפריה",70.4,6.0,7.0,86
מהרטה ברוך רון,tadmit,T01,זהות וייצוג,72.9,10.0,11.0,91
מהרטה ברוך רון,tadmit,T02,ממלכתיות ואחריות,80.5,4.0,4.0,100
מהרטה ברוך רון,tadmit,T03,יושרה ואמינות,74.3,6.0,6.0,100
מהרטה ברוך רון,tadmit,T04,תקשורתיות ונראות,69.2,5.0,5.0,100
מהרטה ברוך רון,tadmit,T05,אותנטיות וסיפור אישי,86.0,1.0,1.0,100
מהרטה ברוך רון,yecholot,Y01,"מומחיות מדינית, ביטחונית וממשלית",29.7,2.0,6.0,33
מהרטה ברוך רון,yecholot,Y02,"ארגון, ניהול וביצוע",32.9,1.0,6.0,17
מהרטה ברוך רון,yecholot,Y03,"חקיקה, פוליטיקה ומוסדות",31.3,4.0,6.0,67
מהרטה ברוך רון,yecholot,Y04,"תקשורת, הסברה והשפעה ציבורית",30.8,3.0,6.0,50
מהרטה ברוך רון,yecholot,Y05,חיבור בין קהלים ועולמות,30.1,2.0,6.0,33
מהרטה ברוך רון,yecholot,Y06,"חדשנות, למידה ושיתוף ציבור",31.0,2.0,6.0,33
מוסי רז,deot,D01,"דמוקרטיה, שלטון החוק ואחריות ציבורית",63.5,16.0,16.0,100
מוסי רז,deot,D02,המאבק על ההגמוניה,46.1,15.0,17.0,88
מוסי רז,deot,D03,"חרדים, גיוס ושוויון חובות",72.2,7.0,7.0,100
מוסי רז,deot,D04,שוויון ושותפות יהודית־ערבית,85.7,6.0,6.0,100
מוסי רז,deot,D05,"ביטחון, פלסטינים ועתיד השטחים",72.2,7.0,7.0,100
מוסי רז,deot,D06,"חברה, רווחה ופריפריה",55.1,7.0,7.0,100
מוסי רז,tadmit,T01,זהות וייצוג,40.5,10.0,11.0,91
מוסי רז,tadmit,T02,ממלכתיות ואחריות,77.5,4.0,4.0,100
מוסי רז,tadmit,T03,יושרה ואמינות,75.3,6.0,6.0,100
מוסי רז,tadmit,T04,תקשורתיות ונראות,63.8,5.0,5.0,100
מוסי רז,tadmit,T05,אותנטיות וסיפור אישי,78.0,1.0,1.0,100
מוסי רז,yecholot,Y01,"מומחיות מדינית, ביטחונית וממשלית",30.1,0.0,6.0,0
מוסי רז,yecholot,Y02,"ארגון, ניהול וביצוע",33.2,1.0,6.0,17
מוסי רז,yecholot,Y03,"חקיקה, פוליטיקה ומוסדות",30.8,0.0,6.0,0
מוסי רז,yecholot,Y04,"תקשורת, הסברה והשפעה ציבורית",31.8,2.0,6.0,33
מוסי רז,yecholot,Y05,חיבור בין קהלים ועולמות,29.5,2.0,6.0,33
מוסי רז,yecholot,Y06,"חדשנות, למידה ושיתוף ציבור",31.0,3.0,6.0,50
מורן מישל,deot,D01,"דמוקרטיה, שלטון החוק ואחריות ציבורית",57.9,16.0,16.0,100
מורן מישל,deot,D02,המאבק על ההגמוניה,50.6,16.0,17.0,94
מורן מישל,deot,D03,"חרדים, גיוס ושוויון חובות",46.7,6.0,7.0,86
מורן מישל,deot,D04,שוויון ושותפות יהודית־ערבית,56.4,5.0,6.0,83
מורן מישל,deot,D05,"ביטחון, פלסטינים ועתיד השטחים",42.4,3.0,7.0,43
מורן מישל,deot,D06,"חברה, רווחה ופריפריה",55.4,6.0,7.0,86
מורן מישל,tadmit,T01,זהות וייצוג,52.5,10.0,11.0,91
מורן מישל,tadmit,T02,ממלכתיות ואחריות,61.0,4.0,4.0,100
מורן מישל,tadmit,T03,יושרה ואמינות,55.0,6.0,6.0,100
מורן מישל,tadmit,T04,תקשורתיות ונראות,81.6,5.0,5.0,100
מורן מישל,tadmit,T05,אותנטיות וסיפור אישי,84.0,1.0,1.0,100
מורן מישל,yecholot,Y01,"מומחיות מדינית, ביטחונית וממשלית",29.1,3.0,6.0,50
מורן מישל,yecholot,Y02,"ארגון, ניהול וביצוע",32.9,0.0,6.0,0
מורן מישל,yecholot,Y03,"חקיקה, פוליטיקה ומוסדות",30.6,5.0,6.0,83
מורן מישל,yecholot,Y04,"תקשורת, הסברה והשפעה ציבורית",31.9,0.0,6.0,0
מורן מישל,yecholot,Y05,חיבור בין קהלים ועולמות,31.2,3.0,6.0,50
מורן מישל,yecholot,Y06,"חדשנות, למידה ושיתוף ציבור",31.3,0.0,6.0,0
מיכל רוזין,deot,D01,"דמוקרטיה, שלטון החוק ואחריות ציבורית",62.8,15.0,16.0,94
מיכל רוזין,deot,D02,המאבק על ההגמוניה,53.3,16.0,17.0,94
מיכל רוזין,deot,D03,"חרדים, גיוס ושוויון חובות",70.8,7.0,7.0,100
מיכל רוזין,deot,D04,שוויון ושותפות יהודית־ערבית,78.0,6.0,6.0,100
מיכל רוזין,deot,D05,"ביטחון, פלסטינים ועתיד השטחים",59.7,7.0,7.0,100
מיכל רוזין,deot,D06,"חברה, רווחה ופריפריה",47.2,6.0,7.0,86
מיכל רוזין,tadmit,T01,זהות וייצוג,57.5,10.0,11.0,91
מיכל רוזין,tadmit,T02,ממלכתיות ואחריות,77.5,4.0,4.0,100
מיכל רוזין,tadmit,T03,יושרה ואמינות,74.7,6.0,6.0,100
מיכל רוזין,tadmit,T04,תקשורתיות ונראות,64.2,5.0,5.0,100
מיכל רוזין,tadmit,T05,אותנטיות וסיפור אישי,78.0,1.0,1.0,100
מיכל רוזין,yecholot,Y01,"מומחיות מדינית, ביטחונית וממשלית",32.3,3.0,6.0,50
מיכל רוזין,yecholot,Y02,"ארגון, ניהול וביצוע",32.9,1.0,6.0,17
מיכל רוזין,yecholot,Y03,"חקיקה, פוליטיקה ומוסדות",31.5,1.0,6.0,17
מיכל רוזין,yecholot,Y04,"תקשורת, הסברה והשפעה ציבורית",31.2,2.0,6.0,33
מיכל רוזין,yecholot,Y05,חיבור בין קהלים ועולמות,30.7,3.0,6.0,50
מיכל רוזין,yecholot,Y06,"חדשנות, למידה ושיתוף ציבור",30.6,2.0,6.0,33
משה רדמן,deot,D01,"דמוקרטיה, שלטון החוק ואחריות ציבורית",68.5,16.0,16.0,100
משה רדמן,deot,D02,המאבק על ההגמוניה,45.2,8.0,17.0,47
משה רדמן,deot,D03,"חרדים, גיוס ושוויון חובות",61.5,5.0,7.0,71
משה רדמן,deot,D04,שוויון ושותפות יהודית־ערבית,41.6,4.0,6.0,67
משה רדמן,deot,D05,"ביטחון, פלסטינים ועתיד השטחים",83.5,7.0,7.0,100
משה רדמן,deot,D06,"חברה, רווחה ופריפריה",55.6,3.0,7.0,43
משה רדמן,tadmit,T01,זהות וייצוג,52.0,7.0,11.0,64
משה רדמן,tadmit,T02,ממלכתיות ואחריות,60.2,4.0,4.0,100
משה רדמן,tadmit,T03,יושרה ואמינות,61.5,6.0,6.0,100
משה רדמן,tadmit,T04,תקשורתיות ונראות,93.2,5.0,5.0,100
משה רדמן,tadmit,T05,אותנטיות וסיפור אישי,96.0,1.0,1.0,100
משה רדמן,yecholot,Y01,"מומחיות מדינית, ביטחונית וממשלית",30.9,1.0,6.0,17
משה רדמן,yecholot,Y02,"ארגון, ניהול וביצוע",33.7,1.0,6.0,17
משה רדמן,yecholot,Y03,"חקיקה, פוליטיקה ומוסדות",32.6,2.0,6.0,33
משה רדמן,yecholot,Y04,"תקשורת, הסברה והשפעה ציבורית",31.9,0.0,6.0,0
משה רדמן,yecholot,Y05,חיבור בין קהלים ועולמות,30.5,2.0,6.0,33
משה רדמן,yecholot,Y06,"חדשנות, למידה ושיתוף ציבור",31.3,0.0,6.0,0
נאווה_רוזוליו,deot,D01,"דמוקרטיה, שלטון החוק ואחריות ציבורית",53.8,14.0,16.0,88
נאווה_רוזוליו,deot,D02,המאבק על ההגמוניה,45.7,9.0,17.0,53
נאווה_רוזוליו,deot,D03,"חרדים, גיוס ושוויון חובות",71.2,6.0,7.0,86
נאווה_רוזוליו,deot,D04,שוויון ושותפות יהודית־ערבית,64.4,4.0,6.0,67
נאווה_רוזוליו,deot,D05,"ביטחון, פלסטינים ועתיד השטחים",67.0,5.0,7.0,71
נאווה_רוזוליו,deot,D06,"חברה, רווחה ופריפריה",46.2,3.0,7.0,43
נאווה_רוזוליו,tadmit,T01,זהות וייצוג,52.8,10.0,11.0,91
נאווה_רוזוליו,tadmit,T02,ממלכתיות ואחריות,53.5,4.0,4.0,100
נאווה_רוזוליו,tadmit,T03,יושרה ואמינות,53.7,6.0,6.0,100
נאווה_רוזוליו,tadmit,T04,תקשורתיות ונראות,81.2,5.0,5.0,100
נאווה_רוזוליו,tadmit,T05,אותנטיות וסיפור אישי,84.0,1.0,1.0,100
נאווה_רוזוליו,yecholot,Y01,"מומחיות מדינית, ביטחונית וממשלית",30.1,3.0,6.0,50
נאווה_רוזוליו,yecholot,Y02,"ארגון, ניהול וביצוע",32.9,0.0,6.0,0
נאווה_רוזוליו,yecholot,Y03,"חקיקה, פוליטיקה ומוסדות",29.1,5.0,6.0,83
נאווה_רוזוליו,yecholot,Y04,"תקשורת, הסברה והשפעה ציבורית",31.9,1.0,6.0,17
נאווה_רוזוליו,yecholot,Y05,חיבור בין קהלים ועולמות,30.7,4.0,6.0,67
נאווה_רוזוליו,yecholot,Y06,"חדשנות, למידה ושיתוף ציבור",31.3,0.0,6.0,0
נדאל מסאלחה,deot,D01,"דמוקרטיה, שלטון החוק ואחריות ציבורית",51.9,16.0,16.0,100
נדאל מסאלחה,deot,D02,המאבק על ההגמוניה,60.1,16.0,17.0,94
נדאל מסאלחה,deot,D03,"חרדים, גיוס ושוויון חובות",65.9,7.0,7.0,100
נדאל מסאלחה,deot,D04,שוויון ושותפות יהודית־ערבית,83.4,6.0,6.0,100
נדאל מסאלחה,deot,D05,"ביטחון, פלסטינים ועתיד השטחים",38.5,4.0,7.0,57
נדאל מסאלחה,deot,D06,"חברה, רווחה ופריפריה",60.4,7.0,7.0,100
נדאל מסאלחה,tadmit,T01,זהות וייצוג,70.3,9.0,11.0,82
נדאל מסאלחה,tadmit,T02,ממלכתיות ואחריות,73.2,4.0,4.0,100
נדאל מסאלחה,tadmit,T03,יושרה ואמינות,61.6,6.0,6.0,100
נדאל מסאלחה,tadmit,T04,תקשורתיות ונראות,59.5,5.0,5.0,100
נדאל מסאלחה,tadmit,T05,אותנטיות וסיפור אישי,75.0,1.0,1.0,100
נדאל מסאלחה,yecholot,Y01,"מומחיות מדינית, ביטחונית וממשלית",27.5,5.0,6.0,83
נדאל מסאלחה,yecholot,Y02,"ארגון, ניהול וביצוע",31.2,5.0,6.0,83
נדאל מסאלחה,yecholot,Y03,"חקיקה, פוליטיקה ומוסדות",30.3,4.0,6.0,67
נדאל מסאלחה,yecholot,Y04,"תקשורת, הסברה והשפעה ציבורית",32.1,5.0,6.0,83
נדאל מסאלחה,yecholot,Y05,חיבור בין קהלים ועולמות,30.1,2.0,6.0,33
נדאל מסאלחה,yecholot,Y06,"חדשנות, למידה ושיתוף ציבור",30.6,4.0,6.0,67
נמרוד שפר,deot,D01,"דמוקרטיה, שלטון החוק ואחריות ציבורית",69.9,15.0,16.0,94
נמרוד שפר,deot,D02,המאבק על ההגמוניה,49.0,4.0,17.0,24
נמרוד שפר,deot,D03,"חרדים, גיוס ושוויון חובות",58.9,1.0,7.0,14
נמרוד שפר,deot,D04,שוויון ושותפות יהודית־ערבית,53.1,2.0,6.0,33
נמרוד שפר,deot,D05,"ביטחון, פלסטינים ועתיד השטחים",76.9,7.0,7.0,100
נמרוד שפר,deot,D06,"חברה, רווחה ופריפריה",63.9,0.0,7.0,0
נמרוד שפר,tadmit,T01,זהות וייצוג,52.9,3.0,11.0,27
נמרוד שפר,tadmit,T02,ממלכתיות ואחריות,91.2,4.0,4.0,100
נמרוד שפר,tadmit,T03,יושרה ואמינות,80.8,6.0,6.0,100
נמרוד שפר,tadmit,T04,תקשורתיות ונראות,85.0,5.0,5.0,100
נמרוד שפר,tadmit,T05,אותנטיות וסיפור אישי,90.0,1.0,1.0,100
נמרוד שפר,yecholot,Y01,"מומחיות מדינית, ביטחונית וממשלית",30.1,0.0,6.0,0
נמרוד שפר,yecholot,Y02,"ארגון, ניהול וביצוע",33.1,2.0,6.0,33
נמרוד שפר,yecholot,Y03,"חקיקה, פוליטיקה ומוסדות",29.0,4.0,6.0,67
נמרוד שפר,yecholot,Y04,"תקשורת, הסברה והשפעה ציבורית",32.5,2.0,6.0,33
נמרוד שפר,yecholot,Y05,חיבור בין קהלים ועולמות,30.5,2.0,6.0,33
נמרוד שפר,yecholot,Y06,"חדשנות, למידה ושיתוף ציבור",32.1,2.0,6.0,33
נעמה לזימי,deot,D01,"דמוקרטיה, שלטון החוק ואחריות ציבורית",71.3,16.0,16.0,100
נעמה לזימי,deot,D02,המאבק על ההגמוניה,67.5,15.0,17.0,88
נעמה לזימי,deot,D03,"חרדים, גיוס ושוויון חובות",64.0,7.0,7.0,100
נעמה לזימי,deot,D04,שוויון ושותפות יהודית־ערבית,54.3,5.0,6.0,83
נעמה לזימי,deot,D05,"ביטחון, פלסטינים ועתיד השטחים",51.4,5.0,7.0,71
נעמה לזימי,deot,D06,"חברה, רווחה ופריפריה",91.0,7.0,7.0,100
נעמה לזימי,tadmit,T01,זהות וייצוג,82.5,11.0,11.0,100
נעמה לזימי,tadmit,T02,ממלכתיות ואחריות,60.0,4.0,4.0,100
נעמה לזימי,tadmit,T03,יושרה ואמינות,86.0,6.0,6.0,100
נעמה לזימי,tadmit,T04,תקשורתיות ונראות,90.4,5.0,5.0,100
נעמה לזימי,tadmit,T05,אותנטיות וסיפור אישי,92.0,1.0,1.0,100
נעמה לזימי,yecholot,Y01,"מומחיות מדינית, ביטחונית וממשלית",26.4,3.0,6.0,50
נעמה לזימי,yecholot,Y02,"ארגון, ניהול וביצוע",33.2,3.0,6.0,50
נעמה לזימי,yecholot,Y03,"חקיקה, פוליטיקה ומוסדות",30.8,1.0,6.0,17
נעמה לזימי,yecholot,Y04,"תקשורת, הסברה והשפעה ציבורית",31.9,0.0,6.0,0
נעמה לזימי,yecholot,Y05,חיבור בין קהלים ועולמות,29.1,2.0,6.0,33
נעמה לזימי,yecholot,Y06,"חדשנות, למידה ושיתוף ציבור",30.9,3.0,6.0,50
סומיה בשיר,deot,D01,"דמוקרטיה, שלטון החוק ואחריות ציבורית",58.9,16.0,16.0,100
סומיה בשיר,deot,D02,המאבק על ההגמוניה,60.4,14.0,17.0,82
סומיה בשיר,deot,D03,"חרדים, גיוס ושוויון חובות",44.9,7.0,7.0,100
סומיה בשיר,deot,D04,שוויון ושותפות יהודית־ערבית,82.0,6.0,6.0,100
סומיה בשיר,deot,D05,"ביטחון, פלסטינים ועתיד השטחים",44.4,7.0,7.0,100
סומיה בשיר,deot,D06,"חברה, רווחה ופריפריה",69.1,7.0,7.0,100
סומיה בשיר,tadmit,T01,זהות וייצוג,77.0,10.0,11.0,91
סומיה בשיר,tadmit,T02,ממלכתיות ואחריות,62.0,4.0,4.0,100
סומיה בשיר,tadmit,T03,יושרה ואמינות,56.5,6.0,6.0,100
סומיה בשיר,tadmit,T04,תקשורתיות ונראות,68.8,5.0,5.0,100
סומיה בשיר,tadmit,T05,אותנטיות וסיפור אישי,78.0,1.0,1.0,100
סומיה בשיר,yecholot,Y01,"מומחיות מדינית, ביטחונית וממשלית",28.9,3.0,6.0,50
סומיה בשיר,yecholot,Y02,"ארגון, ניהול וביצוע",31.1,6.0,6.0,100
סומיה בשיר,yecholot,Y03,"חקיקה, פוליטיקה ומוסדות",29.3,4.0,6.0,67
סומיה בשיר,yecholot,Y04,"תקשורת, הסברה והשפעה ציבורית",31.6,1.0,6.0,17
סומיה בשיר,yecholot,Y05,חיבור בין קהלים ועולמות,31.1,2.0,6.0,33
סומיה בשיר,yecholot,Y06,"חדשנות, למידה ושיתוף ציבור",32.5,4.0,6.0,67
עאיד בדיר,deot,D01,"דמוקרטיה, שלטון החוק ואחריות ציבורית",59.6,16.0,16.0,100
עאיד בדיר,deot,D02,המאבק על ההגמוניה,61.1,15.0,17.0,88
עאיד בדיר,deot,D03,"חרדים, גיוס ושוויון חובות",64.7,6.0,7.0,86
עאיד בדיר,deot,D04,שוויון ושותפות יהודית־ערבית,82.0,6.0,6.0,100
עאיד בדיר,deot,D05,"ביטחון, פלסטינים ועתיד השטחים",57.4,7.0,7.0,100
עאיד בדיר,deot,D06,"חברה, רווחה ופריפריה",69.1,7.0,7.0,100
עאיד בדיר,tadmit,T01,זהות וייצוג,66.2,8.0,11.0,73
עאיד בדיר,tadmit,T02,ממלכתיות ואחריות,76.0,4.0,4.0,100
עאיד בדיר,tadmit,T03,יושרה ואמינות,77.3,6.0,6.0,100
עאיד בדיר,tadmit,T04,תקשורתיות ונראות,68.8,5.0,5.0,100
עאיד בדיר,tadmit,T05,אותנטיות וסיפור אישי,78.0,1.0,1.0,100
עאיד בדיר,yecholot,Y01,"מומחיות מדינית, ביטחונית וממשלית",30.2,3.0,6.0,50
עאיד בדיר,yecholot,Y02,"ארגון, ניהול וביצוע",32.9,1.0,6.0,17
עאיד בדיר,yecholot,Y03,"חקיקה, פוליטיקה ומוסדות",30.2,2.0,6.0,33
עאיד בדיר,yecholot,Y04,"תקשורת, הסברה והשפעה ציבורית",31.6,1.0,6.0,17
עאיד בדיר,yecholot,Y05,חיבור בין קהלים ועולמות,31.1,2.0,6.0,33
עאיד בדיר,yecholot,Y06,"חדשנות, למידה ושיתוף ציבור",32.5,4.0,6.0,67
עלי סלאלחה,deot,D01,"דמוקרטיה, שלטון החוק ואחריות ציבורית",63.3,16.0,16.0,100
עלי סלאלחה,deot,D02,המאבק על ההגמוניה,62.4,17.0,17.0,100
עלי סלאלחה,deot,D03,"חרדים, גיוס ושוויון חובות",65.0,7.0,7.0,100
עלי סלאלחה,deot,D04,שוויון ושותפות יהודית־ערבית,75.0,6.0,6.0,100
עלי סלאלחה,deot,D05,"ביטחון, פלסטינים ועתיד השטחים",57.4,7.0,7.0,100
עלי סלאלחה,deot,D06,"חברה, רווחה ופריפריה",81.6,7.0,7.0,100
עלי סלאלחה,tadmit,T01,זהות וייצוג,63.1,8.0,11.0,73
עלי סלאלחה,tadmit,T02,ממלכתיות ואחריות,76.0,4.0,4.0,100
עלי סלאלחה,tadmit,T03,יושרה ואמינות,77.3,6.0,6.0,100
עלי סלאלחה,tadmit,T04,תקשורתיות ונראות,49.6,5.0,5.0,100
עלי סלאלחה,tadmit,T05,אותנטיות וסיפור אישי,78.0,1.0,1.0,100
עלי סלאלחה,yecholot,Y01,"מומחיות מדינית, ביטחונית וממשלית",29.1,5.0,6.0,83
עלי סלאלחה,yecholot,Y02,"ארגון, ניהול וביצוע",32.9,1.0,6.0,17
עלי סלאלחה,yecholot,Y03,"חקיקה, פוליטיקה ומוסדות",30.6,1.0,6.0,17
עלי סלאלחה,yecholot,Y04,"תקשורת, הסברה והשפעה ציבורית",32.1,3.0,6.0,50
עלי סלאלחה,yecholot,Y05,חיבור בין קהלים ועולמות,29.8,1.0,6.0,17
עלי סלאלחה,yecholot,Y06,"חדשנות, למידה ושיתוף ציבור",31.4,1.0,6.0,17
ענבל וורטמן שהם,deot,D01,"דמוקרטיה, שלטון החוק ואחריות ציבורית",58.9,16.0,16.0,100
ענבל וורטמן שהם,deot,D02,המאבק על ההגמוניה,59.6,17.0,17.0,100
ענבל וורטמן שהם,deot,D03,"חרדים, גיוס ושוויון חובות",64.2,1.0,7.0,14
ענבל וורטמן שהם,deot,D04,שוויון ושותפות יהודית־ערבית,58.0,6.0,6.0,100
ענבל וורטמן שהם,deot,D05,"ביטחון, פלסטינים ועתיד השטחים",60.9,1.0,7.0,14
ענבל וורטמן שהם,deot,D06,"חברה, רווחה ופריפריה",81.6,7.0,7.0,100
ענבל וורטמן שהם,tadmit,T01,זהות וייצוג,70.7,7.0,11.0,64
ענבל וורטמן שהם,tadmit,T02,ממלכתיות ואחריות,76.0,4.0,4.0,100
ענבל וורטמן שהם,tadmit,T03,יושרה ואמינות,68.5,6.0,6.0,100
ענבל וורטמן שהם,tadmit,T04,תקשורתיות ונראות,49.6,5.0,5.0,100
ענבל וורטמן שהם,tadmit,T05,אותנטיות וסיפור אישי,78.0,1.0,1.0,100
ענבל וורטמן שהם,yecholot,Y01,"מומחיות מדינית, ביטחונית וממשלית",29.3,2.0,6.0,33
ענבל וורטמן שהם,yecholot,Y02,"ארגון, ניהול וביצוע",32.9,1.0,6.0,17
ענבל וורטמן שהם,yecholot,Y03,"חקיקה, פוליטיקה ומוסדות",30.2,2.0,6.0,33
ענבל וורטמן שהם,yecholot,Y04,"תקשורת, הסברה והשפעה ציבורית",31.7,4.0,6.0,67
ענבל וורטמן שהם,yecholot,Y05,חיבור בין קהלים ועולמות,29.1,3.0,6.0,50
ענבל וורטמן שהם,yecholot,Y06,"חדשנות, למידה ושיתוף ציבור",30.8,2.0,6.0,33
ענבר בזק,deot,D01,"דמוקרטיה, שלטון החוק ואחריות ציבורית",50.3,12.0,16.0,75
ענבר בזק,deot,D02,המאבק על ההגמוניה,48.0,14.0,17.0,82
ענבר בזק,deot,D03,"חרדים, גיוס ושוויון חובות",52.6,3.0,7.0,43
ענבר בזק,deot,D04,שוויון ושותפות יהודית־ערבית,47.1,3.0,6.0,50
ענבר בזק,deot,D05,"ביטחון, פלסטינים ועתיד השטחים",60.1,0.0,7.0,0
ענבר בזק,deot,D06,"חברה, רווחה ופריפריה",66.6,7.0,7.0,100
ענבר בזק,tadmit,T01,זהות וייצוג,71.6,7.0,11.0,64
ענבר בזק,tadmit,T02,ממלכתיות ואחריות,84.0,4.0,4.0,100
ענבר בזק,tadmit,T03,יושרה ואמינות,83.0,6.0,6.0,100
ענבר בזק,tadmit,T04,תקשורתיות ונראות,72.5,5.0,5.0,100
ענבר בזק,tadmit,T05,אותנטיות וסיפור אישי,84.0,1.0,1.0,100
ענבר בזק,yecholot,Y01,"מומחיות מדינית, ביטחונית וממשלית",30.4,2.0,6.0,33
ענבר בזק,yecholot,Y02,"ארגון, ניהול וביצוע",33.2,1.0,6.0,17
ענבר בזק,yecholot,Y03,"חקיקה, פוליטיקה ומוסדות",31.9,1.0,6.0,17
ענבר בזק,yecholot,Y04,"תקשורת, הסברה והשפעה ציבורית",32.1,1.0,6.0,17
ענבר בזק,yecholot,Y05,חיבור בין קהלים ועולמות,31.1,1.0,6.0,17
ענבר בזק,yecholot,Y06,"חדשנות, למידה ושיתוף ציבור",32.1,1.0,6.0,17
ערן עציון,deot,D01,"דמוקרטיה, שלטון החוק ואחריות ציבורית",84.6,16.0,16.0,100
ערן עציון,deot,D02,המאבק על ההגמוניה,46.0,12.0,17.0,71
ערן עציון,deot,D03,"חרדים, גיוס ושוויון חובות",63.9,6.0,7.0,86
ערן עציון,deot,D04,שוויון ושותפות יהודית־ערבית,77.1,6.0,6.0,100
ערן עציון,deot,D05,"ביטחון, פלסטינים ועתיד השטחים",89.7,7.0,7.0,100
ערן עציון,deot,D06,"חברה, רווחה ופריפריה",63.9,0.0,7.0,0
ערן עציון,tadmit,T01,זהות וייצוג,53.4,7.0,11.0,64
ערן עציון,tadmit,T02,ממלכתיות ואחריות,76.5,4.0,4.0,100
ערן עציון,tadmit,T03,יושרה ואמינות,71.2,6.0,6.0,100
ערן עציון,tadmit,T04,תקשורתיות ונראות,82.0,5.0,5.0,100
ערן עציון,tadmit,T05,אותנטיות וסיפור אישי,80.0,1.0,1.0,100
ערן עציון,yecholot,Y01,"מומחיות מדינית, ביטחונית וממשלית",30.1,0.0,6.0,0
ערן עציון,yecholot,Y02,"ארגון, ניהול וביצוע",33.3,1.0,6.0,17
ערן עציון,yecholot,Y03,"חקיקה, פוליטיקה ומוסדות",31.0,1.0,6.0,17
ערן עציון,yecholot,Y04,"תקשורת, הסברה והשפעה ציבורית",32.5,1.0,6.0,17
ערן עציון,yecholot,Y05,חיבור בין קהלים ועולמות,31.6,2.0,6.0,33
ערן עציון,yecholot,Y06,"חדשנות, למידה ושיתוף ציבור",31.3,0.0,6.0,0
קטי פיאסצקי,deot,D01,"דמוקרטיה, שלטון החוק ואחריות ציבורית",69.9,16.0,16.0,100
קטי פיאסצקי,deot,D02,המאבק על ההגמוניה,61.8,16.0,17.0,94
קטי פיאסצקי,deot,D03,"חרדים, גיוס ושוויון חובות",73.4,7.0,7.0,100
קטי פיאסצקי,deot,D04,שוויון ושותפות יהודית־ערבית,58.0,6.0,6.0,100
קטי פיאסצקי,deot,D05,"ביטחון, פלסטינים ועתיד השטחים",59.0,7.0,7.0,100
קטי פיאסצקי,deot,D06,"חברה, רווחה ופריפריה",82.7,7.0,7.0,100
קטי פיאסצקי,tadmit,T01,זהות וייצוג,66.4,9.0,11.0,82
קטי פיאסצקי,tadmit,T02,ממלכתיות ואחריות,76.0,4.0,4.0,100
קטי פיאסצקי,tadmit,T03,יושרה ואמינות,77.3,6.0,6.0,100
קטי פיאסצקי,tadmit,T04,תקשורתיות ונראות,68.8,5.0,5.0,100
קטי פיאסצקי,tadmit,T05,אותנטיות וסיפור אישי,78.0,1.0,1.0,100
קטי פיאסצקי,yecholot,Y01,"מומחיות מדינית, ביטחונית וממשלית",30.5,2.0,6.0,33
קטי פיאסצקי,yecholot,Y02,"ארגון, ניהול וביצוע",32.9,1.0,6.0,17
קטי פיאסצקי,yecholot,Y03,"חקיקה, פוליטיקה ומוסדות",30.2,2.0,6.0,33
קטי פיאסצקי,yecholot,Y04,"תקשורת, הסברה והשפעה ציבורית",32.4,1.0,6.0,17
קטי פיאסצקי,yecholot,Y05,חיבור בין קהלים ועולמות,29.2,2.0,6.0,33
קטי פיאסצקי,yecholot,Y06,"חדשנות, למידה ושיתוף ציבור",31.8,5.0,6.0,83
רונן צור,deot,D01,"דמוקרטיה, שלטון החוק ואחריות ציבורית",64.3,16.0,16.0,100
רונן צור,deot,D02,המאבק על ההגמוניה,50.1,17.0,17.0,100
רונן צור,deot,D03,"חרדים, גיוס ושוויון חובות",69.3,6.0,7.0,86
רונן צור,deot,D04,שוויון ושותפות יהודית־ערבית,46.3,3.0,6.0,50
רונן צור,deot,D05,"ביטחון, פלסטינים ועתיד השטחים",48.6,4.0,7.0,57
רונן צור,deot,D06,"חברה, רווחה ופריפריה",41.9,5.0,7.0,71
רונן צור,tadmit,T01,זהות וייצוג,31.4,8.0,11.0,73
רונן צור,tadmit,T02,ממלכתיות ואחריות,48.9,4.0,4.0,100
רונן צור,tadmit,T03,יושרה ואמינות,54.5,6.0,6.0,100
רונן צור,tadmit,T04,תקשורתיות ונראות,73.6,5.0,5.0,100
רונן צור,tadmit,T05,אותנטיות וסיפור אישי,25.0,1.0,1.0,100
רונן צור,yecholot,Y01,"מומחיות מדינית, ביטחונית וממשלית",30.4,5.0,6.0,83
רונן צור,yecholot,Y02,"ארגון, ניהול וביצוע",32.9,0.0,6.0,0
רונן צור,yecholot,Y03,"חקיקה, פוליטיקה ומוסדות",30.6,2.0,6.0,33
רונן צור,yecholot,Y04,"תקשורת, הסברה והשפעה ציבורית",31.9,0.0,6.0,0
רונן צור,yecholot,Y05,חיבור בין קהלים ועולמות,29.8,4.0,6.0,67
רונן צור,yecholot,Y06,"חדשנות, למידה ושיתוף ציבור",31.3,0.0,6.0,0
רם שפע,deot,D01,"דמוקרטיה, שלטון החוק ואחריות ציבורית",54.6,16.0,16.0,100
רם שפע,deot,D02,המאבק על ההגמוניה,39.8,15.0,17.0,88
רם שפע,deot,D03,"חרדים, גיוס ושוויון חובות",58.1,7.0,7.0,100
רם שפע,deot,D04,שוויון ושותפות יהודית־ערבית,47.4,6.0,6.0,100
רם שפע,deot,D05,"ביטחון, פלסטינים ועתיד השטחים",31.3,6.0,7.0,86
רם שפע,deot,D06,"חברה, רווחה ופריפריה",66.8,7.0,7.0,100
רם שפע,tadmit,T01,זהות וייצוג,43.7,10.0,11.0,91
רם שפע,tadmit,T02,ממלכתיות ואחריות,79.8,4.0,4.0,100
רם שפע,tadmit,T03,יושרה ואמינות,80.7,6.0,6.0,100
רם שפע,tadmit,T04,תקשורתיות ונראות,70.2,5.0,5.0,100
רם שפע,tadmit,T05,אותנטיות וסיפור אישי,75.0,1.0,1.0,100
רם שפע,yecholot,Y01,"מומחיות מדינית, ביטחונית וממשלית",29.5,5.0,6.0,83
רם שפע,yecholot,Y02,"ארגון, ניהול וביצוע",33.2,1.0,6.0,17
רם שפע,yecholot,Y03,"חקיקה, פוליטיקה ומוסדות",31.1,1.0,6.0,17
רם שפע,yecholot,Y04,"תקשורת, הסברה והשפעה ציבורית",31.9,3.0,6.0,50
רם שפע,yecholot,Y05,חיבור בין קהלים ועולמות,30.1,3.0,6.0,50
רם שפע,yecholot,Y06,"חדשנות, למידה ושיתוף ציבור",31.1,2.0,6.0,33
תומר אביטל,deot,D01,"דמוקרטיה, שלטון החוק ואחריות ציבורית",72.6,15.0,16.0,94
תומר אביטל,deot,D02,המאבק על ההגמוניה,49.3,3.0,17.0,18
תומר אביטל,deot,D03,"חרדים, גיוס ושוויון חובות",65.5,1.0,7.0,14
תומר אביטל,deot,D04,שוויון ושותפות יהודית־ערבית,58.5,1.0,6.0,17
תומר אביטל,deot,D05,"ביטחון, פלסטינים ועתיד השטחים",60.1,0.0,7.0,0
תומר אביטל,deot,D06,"חברה, רווחה ופריפריה",56.6,3.0,7.0,43
תומר אביטל,tadmit,T01,זהות וייצוג,56.2,4.0,11.0,36
תומר אביטל,tadmit,T02,ממלכתיות ואחריות,91.5,4.0,4.0,100
תומר אביטל,tadmit,T03,יושרה ואמינות,81.5,6.0,6.0,100
תומר אביטל,tadmit,T04,תקשורתיות ונראות,88.0,5.0,5.0,100
תומר אביטל,tadmit,T05,אותנטיות וסיפור אישי,92.0,1.0,1.0,100
תומר אביטל,yecholot,Y01,"מומחיות מדינית, ביטחונית וממשלית",30.5,1.0,6.0,17
תומר אביטל,yecholot,Y02,"ארגון, ניהול וביצוע",32.9,1.0,6.0,17
תומר אביטל,yecholot,Y03,"חקיקה, פוליטיקה ומוסדות",34.3,3.0,6.0,50
תומר אביטל,yecholot,Y04,"תקשורת, הסברה והשפעה ציבורית",31.9,0.0,6.0,0
תומר אביטל,yecholot,Y05,חיבור בין קהלים ועולמות,30.2,0.0,6.0,0
תומר אביטל,yecholot,Y06,"חדשנות, למידה ושיתוף ציבור",31.3,0.0,6.0,0
