candidate_id,axis,topic,topic_score,topic_coverage,known_weight_ratio,missing_weight_ratio,negative_weight_ratio,core_missing_count,core_negative_count,general_info_quality,threshold_base_status,summary_reason
אבי דבוש,yecholot,"מומחיות מדינית, ביטחונית וממשלית",68.5,88.9,0.889,0.111,0.0,0,0,high,pass,3 היגדים חיוביים
אבתיסאם מראענה־מנוחין,yecholot,"מומחיות מדינית, ביטחונית וממשלית",37.7,100.0,1.0,0.0,0.247,0,0,high,pass,אין מידע מספיק
אורי_זכי,yecholot,"מומחיות מדינית, ביטחונית וממשלית",84.6,100.0,1.0,0.0,0.0,0,0,high,pass,4 היגדים חיוביים
איהאב שליאן,yecholot,"מומחיות מדינית, ביטחונית וממשלית",92.6,100.0,1.0,0.0,0.0,0,0,high,pass,5 היגדים חיוביים
איילת השחר סיידוף,yecholot,"מומחיות מדינית, ביטחונית וממשלית",44.4,88.9,0.889,0.111,0.0,0,0,high,pass,אין מידע מספיק
אמילי_מואטי,yecholot,"מומחיות מדינית, ביטחונית וממשלית",88.9,88.9,0.889,0.111,0.0,0,0,high,pass,5 היגדים חיוביים
אפרת רייטן,yecholot,"מומחיות מדינית, ביטחונית וממשלית",59.9,100.0,1.0,0.0,0.0,0,0,high,pass,1 היגדים חיוביים
גאלב סלאמנה,yecholot,"מומחיות מדינית, ביטחונית וממשלית",37.7,75.3,0.753,0.247,0.0,0,0,high,pass,אין מידע מספיק
גבי לסקי,yecholot,"מומחיות מדינית, ביטחונית וממשלית",44.4,88.9,0.889,0.111,0.0,0,0,high,pass,אין מידע מספיק
גלעד קריב,yecholot,"מומחיות מדינית, ביטחונית וממשלית",88.9,88.9,0.889,0.111,0.0,0,0,high,pass,5 היגדים חיוביים
דני אלגרט,yecholot,"מומחיות מדינית, ביטחונית וממשלית",58.6,86.4,0.864,0.136,0.0,0,0,high,pass,2 היגדים חיוביים
דר אמיר ח'ניפס,yecholot,"מומחיות מדינית, ביטחונית וממשלית",41.4,67.9,0.679,0.321,0.0,1,0,medium,pass,1 היגדי ליבה חסרים; 1 היגדים חיוביים
הדס רגולסקי,yecholot,"מומחיות מדינית, ביטחונית וממשלית",50.0,100.0,1.0,0.0,0.0,0,0,high,pass,אין מידע מספיק
יאיא פינק,yecholot,"מומחיות מדינית, ביטחונית וממשלית",48.8,86.4,0.864,0.136,0.0,0,0,high,pass,1 היגדים חיוביים
יאיר רובינשטיין,yecholot,"מומחיות מדינית, ביטחונית וממשלית",44.4,88.9,0.889,0.111,0.0,0,0,high,pass,אין מידע מספיק
לי הופמן אגיב,yecholot,"מומחיות מדינית, ביטחונית וממשלית",0.0,0.0,0.0,1.0,0.0,3,0,low,insufficient_data,3 היגדי ליבה חסרים
מאלק בדר,yecholot,"מומחיות מדינית, ביטחונית וממשלית",61.1,88.9,0.889,0.111,0.0,0,0,high,pass,2 היגדים חיוביים
מהרטה ברוך רון,yecholot,"מומחיות מדינית, ביטחונית וממשלית",37.0,54.3,0.543,0.457,0.0,1,0,medium,pass,1 היגדי ליבה חסרים; 1 היגדים חיוביים
מוסי רז,yecholot,"מומחיות מדינית, ביטחונית וממשלית",88.9,88.9,0.889,0.111,0.0,0,0,high,pass,5 היגדים חיוביים
מורן מישל,yecholot,"מומחיות מדינית, ביטחונית וממשלית",22.8,45.7,0.457,0.543,0.0,2,0,medium,insufficient_data,2 היגדי ליבה חסרים
מיכל רוזין,yecholot,"מומחיות מדינית, ביטחונית וממשלית",64.2,88.9,0.889,0.111,0.0,0,0,high,pass,2 היגדים חיוביים
משה רדמן,yecholot,"מומחיות מדינית, ביטחונית וממשלית",90.1,100.0,1.0,0.0,0.0,0,0,high,pass,5 היגדים חיוביים
נאווה_רוזוליו,yecholot,"מומחיות מדינית, ביטחונית וממשלית",38.9,86.4,0.864,0.136,0.198,0,1,high,pass,1 היגדי ליבה שליליים; 1 היגדים חיוביים
נדאל מסאלחה,yecholot,"מומחיות מדינית, ביטחונית וממשלית",40.7,88.9,0.889,0.111,0.0,0,0,high,pass,אין מידע מספיק
נמרוד שפר,yecholot,"מומחיות מדינית, ביטחונית וממשלית",100.0,100.0,1.0,0.0,0.0,0,0,high,pass,6 היגדים חיוביים
נעמה לזימי,yecholot,"מומחיות מדינית, ביטחונית וממשלית",33.6,75.3,0.753,0.247,0.0,0,0,high,pass,1 היגדים חיוביים
סומיה בשיר,yecholot,"מומחיות מדינית, ביטחונית וממשלית",27.2,54.3,0.543,0.457,0.0,1,0,medium,pass,1 היגדי ליבה חסרים
עאיד בדיר,yecholot,"מומחיות מדינית, ביטחונית וממשלית",27.2,54.3,0.543,0.457,0.0,1,0,medium,pass,1 היגדי ליבה חסרים
עלי סלאלחה,yecholot,"מומחיות מדינית, ביטחונית וממשלית",57.1,100.0,1.0,0.0,0.0,0,0,high,pass,1 היגדים חיוביים
ענבל וורטמן שהם,yecholot,"מומחיות מדינית, ביטחונית וממשלית",16.7,33.3,0.333,0.667,0.0,2,0,low,insufficient_data,2 היגדי ליבה חסרים
ענבר בזק,yecholot,"מומחיות מדינית, ביטחונית וממשלית",20.4,75.3,0.753,0.247,0.346,0,1,high,fail,כישלון בהיגד מפתח; 1 היגדי ליבה שליליים
ערן עציון,yecholot,"מומחיות מדינית, ביטחונית וממשלית",100.0,100.0,1.0,0.0,0.0,0,0,high,pass,6 היגדים חיוביים
קטי פיאסצקי,yecholot,"מומחיות מדינית, ביטחונית וממשלית",16.7,33.3,0.333,0.667,0.0,2,0,low,insufficient_data,2 היגדי ליבה חסרים
רונן צור,yecholot,"מומחיות מדינית, ביטחונית וממשלית",44.4,88.9,0.889,0.111,0.0,0,0,high,pass,אין מידע מספיק
רם שפע,yecholot,"מומחיות מדינית, ביטחונית וממשלית",59.9,100.0,1.0,0.0,0.0,0,0,high,pass,1 היגדים חיוביים
תומר אביטל,yecholot,"מומחיות מדינית, ביטחונית וממשלית",9.9,19.8,0.198,0.802,0.0,2,0,low,insufficient_data,2 היגדי ליבה חסרים
