id,ציר,קטגוריה,מספר_בקטגוריה,היגד,נושא_בחירה
D-001,דעות,"דמוקרטיה, משילות ותיקון מוסדות המדינה",1,"נטייה לתיקון חוקתי ומוסדי עמוק, ולא רק להחלפת ממשלה","הגנה על הדמוקרטיה, שלטון החוק וקווים אדומים"
D-002,דעות,"דמוקרטיה, משילות ותיקון מוסדות המדינה",2,ראיית המשבר הדמוקרטי כתוצאה של שיטה פוליטית פגומה ולא רק של אדם או ממשלה מסוימת,"הגנה על הדמוקרטיה, שלטון החוק וקווים אדומים"
D-003,דעות,"דמוקרטיה, משילות ותיקון מוסדות המדינה",3,נכונות למאבק ציבורי חריף כאשר מוסדות המדינה נתפסים כמאוימים,"הגנה על הדמוקרטיה, שלטון החוק וקווים אדומים"
D-004,דעות,"דמוקרטיה, משילות ותיקון מוסדות המדינה",4,"העדפה לשיקום ממלכתי, זהיר ומוסדי של המדינה לאחר המשבר","ממלכתיות, שקיפות ושירות ציבורי מקצועי"
D-005,דעות,"דמוקרטיה, משילות ותיקון מוסדות המדינה",5,"תמיכה בשיתוף ציבור, דמוקרטיה פנימית ושקיפות בתוך המפלגה ובמערכת הפוליטית","ממלכתיות, שקיפות ושירות ציבורי מקצועי"
D-006,דעות,"דמוקרטיה, משילות ותיקון מוסדות המדינה",6,נכונות להגביל כוח שלטוני גם כאשר הכוח נמצא בידי המחנה הקרוב אידיאולוגית,"הגנה על הדמוקרטיה, שלטון החוק וקווים אדומים"
D-007,דעות,יחס למחנה השני ויכולת גישור,1,ראיית מצביעי המחנה השני כיריבים פוליטיים לגיטימיים ולא כאויבים,גישור עם המחנה השני ובריתות רחבות
D-008,דעות,יחס למחנה השני ויכולת גישור,2,הבחנה בין הנהגת המחנה השני לבין הציבור הרחב שתומך בה,גישור עם המחנה השני ובריתות רחבות
D-009,דעות,יחס למחנה השני ויכולת גישור,3,אמונה שאפשר לבנות גשר מחודש בין המחנה הדמוקרטי־ליברלי לבין חלקים מהימין המסורתי,גישור עם המחנה השני ובריתות רחבות
D-010,דעות,יחס למחנה השני ויכולת גישור,4,העדפה להכרעה פוליטית ברורה על פני פיוס מוקדם עם המחנה השני,"הגנה על הדמוקרטיה, שלטון החוק וקווים אדומים"
D-011,דעות,יחס למחנה השני ויכולת גישור,5,"נכונות לשיח עם דתיים, מסורתיים, חרדים וימנים גם כאשר קיימת מחלוקת ערכית עמוקה",גישור עם המחנה השני ובריתות רחבות
D-012,דעות,יחס למחנה השני ויכולת גישור,6,ראיית חלק מהמחנה השני כשותף עתידי אפשרי לשיקום המדינה לאחר עידן נתניהו,גישור עם המחנה השני ובריתות רחבות
D-013,דעות,שסעים פנימיים בחברה היהודית,1,ראיית השסע העדתי והפריפריאלי כמרכיב מרכזי במשבר הפוליטי בישראל,תיקון השסעים בחברה היהודית
D-014,דעות,שסעים פנימיים בחברה היהודית,2,"נכונות לדבר עם מצביעים מזרחים, מסורתיים ופריפריאליים בשפה שאינה מתנשאת ואינה רק ליברלית־אשכנזית",תיקון השסעים בחברה היהודית
D-015,דעות,שסעים פנימיים בחברה היהודית,3,ראיית השסע הדתי־חילוני כאיום מרכזי על הלכידות של החברה היהודית בישראל,תיקון השסעים בחברה היהודית
D-016,דעות,שסעים פנימיים בחברה היהודית,4,"תמיכה בבניית ברית חדשה בין ליברלים, מסורתיים, דתיים מתונים ופריפריה חברתית",תיקון השסעים בחברה היהודית
D-017,דעות,שסעים פנימיים בחברה היהודית,5,"ביקורת על מחנה המרכז־שמאל כאשר הוא נתפס כמנותק, אליטיסטי או חסר רגישות לפריפריה",תיקון השסעים בחברה היהודית
D-018,דעות,שסעים פנימיים בחברה היהודית,6,העדפה לתיקון יחסי מרכז־פריפריה כחלק מבניית מחנה דמוקרטי רחב,תיקון השסעים בחברה היהודית
D-019,דעות,"מדינה יהודית ודמוקרטית, דת ומדינה",1,העדפה לזהות ישראלית שבה הרכיב הדמוקרטי קודם לרכיב הדתי־לאומי כאשר יש התנגשות ביניהם,"דת ומדינה, חירות אזרחית ושוויון חובות"
D-020,דעות,"מדינה יהודית ודמוקרטית, דת ומדינה",2,"העדפה לזהות ישראלית שבה היהדות היא מקור תרבותי וערכי, אך אינה צריכה לשלוט במוסדות המדינה","דת ומדינה, חירות אזרחית ושוויון חובות"
D-021,דעות,"מדינה יהודית ודמוקרטית, דת ומדינה",3,תמיכה בהפרדה ברורה יותר בין סמכות דתית לבין סמכות מדינתית,"דת ומדינה, חירות אזרחית ושוויון חובות"
D-022,דעות,"מדינה יהודית ודמוקרטית, דת ומדינה",4,נכונות לשמר מרכיבים יהודיים־מסורתיים במרחב הציבורי כדי לאפשר שותפות עם ציבור מסורתי ודתי,"דת ומדינה, חירות אזרחית ושוויון חובות"
D-023,דעות,"מדינה יהודית ודמוקרטית, דת ומדינה",5,"התנגדות לכפייה דתית בנושאי נישואין, שבת, חינוך, מעמד אישי או שירות ציבורי","דת ומדינה, חירות אזרחית ושוויון חובות"
D-024,דעות,"מדינה יהודית ודמוקרטית, דת ומדינה",6,"תמיכה בשוויון חובות אזרחיות בין קבוצות, כולל שאלת גיוס חרדים או שירות אזרחי","דת ומדינה, חירות אזרחית ושוויון חובות"
D-025,דעות,"הפרדה, גישור או שתי מדינות לעם היהודי",1,אמונה שהפער בין ישראל ליברלית לבין ישראל שמרנית־דתית עדיין ניתן לגישור פוליטי וחברתי,גישור עם המחנה השני ובריתות רחבות
D-026,דעות,"הפרדה, גישור או שתי מדינות לעם היהודי",2,"ראיית הפער בין המחנות כעמוק עד כדי צורך בהסדרים של אוטונומיה, ביזור או הפרדה חלקית",תיקון השסעים בחברה היהודית
D-027,דעות,"הפרדה, גישור או שתי מדינות לעם היהודי",3,תמיכה בביזור סמכויות לשלטון מקומי כדי לאפשר לקהילות שונות לחיות לפי אורחות חיים שונים,תיקון השסעים בחברה היהודית
D-028,דעות,"הפרדה, גישור או שתי מדינות לעם היהודי",4,התנגדות לרעיון של שתי מדינות לעם היהודי והעדפה למאבק על מסגרת מדינתית אחת משותפת,תיקון השסעים בחברה היהודית
D-029,דעות,"הפרדה, גישור או שתי מדינות לעם היהודי",5,"פתיחות לרעיון של הסדרים פנימיים חדשים בין חילונים, דתיים, חרדים, מסורתיים וליברלים",תיקון השסעים בחברה היהודית
D-030,דעות,"הפרדה, גישור או שתי מדינות לעם היהודי",6,ראיית המשבר הישראלי לא רק כמאבק ימין־שמאל אלא כמאבק בין מודלים שונים של חיים משותפים,תיקון השסעים בחברה היהודית
D-031,דעות,"יהודים־ערבים, שוויון אזרחי וחיים משותפים",1,ראיית אזרחי ישראל הערבים כחלק מלא מהדיון על עתיד המדינה ולא כעניין נפרד או משני,שוויון אזרחי וחיים משותפים יהודים־ערבים
D-032,דעות,"יהודים־ערבים, שוויון אזרחי וחיים משותפים",2,"תמיכה בשוויון אזרחי גם כאשר הוא מחייב שינוי בחוקים, סמלים או חלוקת משאבים",שוויון אזרחי וחיים משותפים יהודים־ערבים
D-033,דעות,"יהודים־ערבים, שוויון אזרחי וחיים משותפים",3,תמיכה בשותפות פוליטית יהודית־ערבית כחלק מבניית מחנה דמוקרטי רחב,שוויון אזרחי וחיים משותפים יהודים־ערבים
D-034,דעות,"יהודים־ערבים, שוויון אזרחי וחיים משותפים",4,"העדפה לשילוב אזרחים ערבים במוקדי קבלת החלטות, כולל בתחומים מדיניים וביטחוניים",שוויון אזרחי וחיים משותפים יהודים־ערבים
D-035,דעות,"יהודים־ערבים, שוויון אזרחי וחיים משותפים",5,"התנגדות לגזענות, הדרה או דה־לגיטימציה של הציבור הערבי בישראל",שוויון אזרחי וחיים משותפים יהודים־ערבים
D-036,דעות,"יהודים־ערבים, שוויון אזרחי וחיים משותפים",6,"הכרה בכך שחיים משותפים מחייבים גם התמודדות עם פחדים, טראומות וחוסר אמון בשני הצדדים",שוויון אזרחי וחיים משותפים יהודים־ערבים
D-037,דעות,"ביטחון, פלסטינים והסדר מדיני",1,"תמיכה בנתיב מדיני ארוך טווח מול הפלסטינים, גם לאחר שבעה באוקטובר",פתרונות מדיניים וביטחון ארוך טווח
D-038,דעות,"ביטחון, פלסטינים והסדר מדיני",2,העדפה להיפרדות מדינית וביטחונית מהפלסטינים כדי לשמור על ישראל יהודית ודמוקרטית,פתרונות מדיניים וביטחון ארוך טווח
D-039,דעות,"ביטחון, פלסטינים והסדר מדיני",3,תמיכה בפתרון שתי מדינות או במודל קרוב לו כיעד אסטרטגי,פתרונות מדיניים וביטחון ארוך טווח
D-040,דעות,"ביטחון, פלסטינים והסדר מדיני",4,"פתיחות למודלים מדיניים מורכבים כגון קונפדרציה, גבולות פתוחים או הסדר אזורי",פתרונות מדיניים וביטחון ארוך טווח
D-041,דעות,"ביטחון, פלסטינים והסדר מדיני",5,התנגדות להמשך שליטה ישראלית קבועה על אוכלוסייה פלסטינית ללא זכויות אזר מלאות,פתרונות מדיניים וביטחון ארוך טווח
D-042,דעות,"ביטחון, פלסטינים והסדר מדיני",6,ראיית הסדר אזורי עם מדינות ערביות מתונות כחלק מרכזי מהעתיד הביטחוני של ישראל,פתרונות מדיניים וביטחון ארוך טווח
D-043,דעות,"שבעה באוקטובר, אחריות, חטופים וזיכרון לאומי",1,"ראיית שבעה באוקטובר כאירוע שמחייב חשבון נפש מדינתי, מוסדי וחברתי עמוק","אחריות, ועדת חקירה ושיקום אחרי 7.10"
D-044,דעות,"שבעה באוקטובר, אחריות, חטופים וזיכרון לאומי",2,תמיכה בוועדת חקירה ממלכתית ובאחריות אישית של הדרג המדיני והביטחוני,"אחריות, ועדת חקירה ושיקום אחרי 7.10"
D-045,דעות,"שבעה באוקטובר, אחריות, חטופים וזיכרון לאומי",3,ראיית החטופים והמשפחות כסמל מוסרי מרכזי של אחריות המדינה לאזרחיה,"אחריות, ועדת חקירה ושיקום אחרי 7.10"
D-046,דעות,"שבעה באוקטובר, אחריות, חטופים וזיכרון לאומי",4,"התנגדות לשימוש פוליטי ציני בכאב של משפחות, נפגעים או קהילות שנפגעו במלחמה","אחריות, ועדת חקירה ושיקום אחרי 7.10"
D-047,דעות,"שבעה באוקטובר, אחריות, חטופים וזיכרון לאומי",5,תמיכה בשיקום העוטף והקהילות שנפגעו כחלק מהחוזה הבסיסי בין המדינה לאזרחיה,"אחריות, ועדת חקירה ושיקום אחרי 7.10"
D-048,דעות,"שבעה באוקטובר, אחריות, חטופים וזיכרון לאומי",6,"ראיית הטראומה של שבעה באוקטובר כבסיס לבניית מדיניות חדשה, לא רק כהצדקה להמשך מלחמה","אחריות, ועדת חקירה ושיקום אחרי 7.10"
D-049,דעות,"חברה, כלכלה, רווחה ופריפריה",1,הצבת צמצום אי־שוויון חברתי־כלכלי כנושא מרכזי בזהות הפוליטית,"חברה, כלכלה, רווחה ושירותים ציבוריים"
D-050,דעות,"חברה, כלכלה, רווחה ופריפריה",2,"תמיכה בהרחבת אחריות המדינה בתחומי דיור, חינוך, בריאות ורווחה","חברה, כלכלה, רווחה ושירותים ציבוריים"
D-051,דעות,"חברה, כלכלה, רווחה ופריפריה",3,"תמיכה בזכויות עובדים, עבודה מאורגנת והגנה על שכבות מוחלשות","חברה, כלכלה, רווחה ושירותים ציבוריים"
D-052,דעות,"חברה, כלכלה, רווחה ופריפריה",4,ראיית הפריפריה הגיאוגרפית והחברתית כשותפה אסטרטגית ולא כקהל יעד משני,"חברה, כלכלה, רווחה ושירותים ציבוריים"
D-053,דעות,"חברה, כלכלה, רווחה ופריפריה",5,"תמיכה בהשקעה ארוכת טווח בנגב, בגליל, בעוטף ובערים מוחלשות","חברה, כלכלה, רווחה ושירותים ציבוריים"
D-054,דעות,"חברה, כלכלה, רווחה ופריפריה",6,חיבור בין צדק חברתי לבין בניית מחנה פוליטי חדש ורחב יותר,"חברה, כלכלה, רווחה ושירותים ציבוריים"
D-055,דעות,"סגנון פשרה, גבולות ויכולת הסכמה",1,נכונות לפשרות פוליטיות רחבות כדי לשקם את המדינה גם במחיר ויתור אידיאולוגי חלקי,גישור עם המחנה השני ובריתות רחבות
D-056,דעות,"סגנון פשרה, גבולות ויכולת הסכמה",2,הצבת קווים אדומים ברורים שמעליהם אין מקום לפשרה עם יריבים פוליטיים,"הגנה על הדמוקרטיה, שלטון החוק וקווים אדומים"
D-057,דעות,"סגנון פשרה, גבולות ויכולת הסכמה",3,העדפה להסכמות רחבות ולאיטיות על פני מהלכים חדים ומהירים,גישור עם המחנה השני ובריתות רחבות
D-058,דעות,"סגנון פשרה, גבולות ויכולת הסכמה",4,העדפה למאבק חד וברור כאשר פשרה נתפסת ככניעה לכוחות אנטי־דמוקרטיים,"הגנה על הדמוקרטיה, שלטון החוק וקווים אדומים"
D-059,דעות,"סגנון פשרה, גבולות ויכולת הסכמה",5,יכולת להבחין בין פשרה עניינית לבין טשטוש ערכי מסוכן,"הגנה על הדמוקרטיה, שלטון החוק וקווים אדומים"
D-060,דעות,"סגנון פשרה, גבולות ויכולת הסכמה",6,"נכונות לבנות קואליציות עתידיות עם גורמים שאינם שייכים למחנה הטבעי, אם הם מקבלים כללי משחק דמוקרטיים",גישור עם המחנה השני ובריתות רחבות
