"candidate_id","axis","category","statement_id","statement_text","value","source","confidence","justification"
"רונן צור","דעות","דמוקרטיה, משילות ותיקון מוסדות המדינה","D-001","נטייה לתיקון חוקתי ומוסדי עמוק, ולא רק להחלפת ממשלה","supports","קובץ פרופיל רונן צור(4).txt; https://www.zman.co.il/496241/; https://103fm.maariv.co.il/programs/media.aspx?ZrqvnVq=JDGEGM&c41t4nzVQ=FJF","85","בריאיון ובפרופיל הוא מציג צורך בפלטפורמה ליברלית, חוקתית ומוסדית, ולא רק בהחלפת נתניהו."
"רונן צור","דעות","דמוקרטיה, משילות ותיקון מוסדות המדינה","D-002","ראיית המשבר הדמוקרטי כתוצאה של שיטה פוליטית פגומה ולא רק של אדם או ממשלה מסוימת","supports","קובץ פרופיל רונן צור(4).txt; https://www.zman.co.il/496241/; https://www.jdn.co.il/news/2566342/","88","הוא מנתח את המשבר כבעיה של ארגון המחנה, שיטה, הנהגה, מוסדות והשפעה ציבורית, ולא רק כאדם יחיד."
"רונן צור","דעות","דמוקרטיה, משילות ותיקון מוסדות המדינה","D-003","נכונות למאבק ציבורי חריף כאשר מוסדות המדינה נתפסים כמאוימים","supports","קובץ פרופיל רונן צור(4).txt; https://www.zman.co.il/496241/; https://103fm.maariv.co.il/programs/media.aspx?ZrqvnVq=JDGEGM&c41t4nzVQ=FJF","92","פעל וקרא למחאה אזרחית חריפה מול ההפיכה המשטרית ומול מכונות ההשפעה של הימין."
"רונן צור","דעות","דמוקרטיה, משילות ותיקון מוסדות המדינה","D-004","העדפה לשיקום ממלכתי, זהיר ומוסדי של המדינה לאחר המשבר","mixed","קובץ פרופיל רונן צור(4).txt; https://www.zman.co.il/496241/; https://www.jdn.co.il/news/2566342/","58","יש אצלו שיח מוסדי של חוקה והפרדת רשויות, אך הסגנון והכלים שהוא מציע לוחמניים מאוד ולא תמיד ממלכתיים־זהירים."
"רונן צור","דעות","דמוקרטיה, משילות ותיקון מוסדות המדינה","D-005","תמיכה בשיתוף ציבור, דמוקרטיה פנימית ושקיפות בתוך המפלגה ובמערכת הפוליטית","supports","קובץ פרופיל רונן צור(4).txt; https://www.zman.co.il/496241/; https://www.jdn.co.il/news/2566342/","80","דרש בחירות פנימיות דמוקרטיות וביקורת על מנהיגים שאינם מעמידים עצמם לבחירה."
"רונן צור","דעות","דמוקרטיה, משילות ותיקון מוסדות המדינה","D-006","נכונות להגביל כוח שלטוני גם כאשר הכוח נמצא בידי המחנה הקרוב אידיאולוגית","supports","קובץ פרופיל רונן צור(4).txt; https://www.zman.co.il/496241/; https://www.jdn.co.il/news/2566342/","72","הביקורת שלו על מנהיגי המרכז־שמאל ועל צייתנות במחנה שלו מעידה על נכונות להגביל כוח גם במחנה הקרוב."
"רונן צור","דעות","יחס למחנה השני ויכולת גישור","D-007","ראיית מצביעי המחנה השני כיריבים פוליטיים לגיטימיים ולא כאויבים","mixed","קובץ פרופיל רונן צור(4).txt; https://www.zman.co.il/496241/; https://www.jdn.co.il/news/2566342/","55","הוא מבחין בניתוחים בין אליטות וקבוצות, אך משתמש בשפה חריפה מאוד כלפי המחנה הביביסטי והנהגתו."
"רונן צור","דעות","יחס למחנה השני ויכולת גישור","D-008","הבחנה בין הנהגת המחנה השני לבין הציבור הרחב שתומך בה","supports","קובץ פרופיל רונן צור(4).txt; https://www.zman.co.il/496241/; https://www.jdn.co.il/news/2566342/","68","בניתוחו הוא מפריד בין אליטה שמרנית, ציבור מסורתי/חרדי/דתי־לאומי וגורמי הנהגה, גם אם באופן ביקורתי מאוד."
"רונן צור","דעות","יחס למחנה השני ויכולת גישור","D-009","אמונה שאפשר לבנות גשר מחודש בין המחנה הדמוקרטי־ליברלי לבין חלקים מהימין המסורתי","mixed","קובץ פרופיל רונן צור(4).txt; https://www.zman.co.il/496241/; https://www.jdn.co.il/news/2566342/","60","הוא מדבר על הצורך להעביר חלק מהפריפריה לגוש הליברלי ועל ראשי גשר לציונות דתית וחרדים, אך בסגנון של מאבק ולא של פיוס."
"רונן צור","דעות","יחס למחנה השני ויכולת גישור","D-010","העדפה להכרעה פוליטית ברורה על פני פיוס מוקדם עם המחנה השני","supports","קובץ פרופיל רונן צור(4).txt; https://www.zman.co.il/496241/; https://www.jdn.co.il/news/2566342/","84","הדגש המרכזי אצלו הוא הכרעה, בניית כוח פוליטי ומכונות השפעה נגדיות, יותר מאשר פיוס מוקדם."
"רונן צור","דעות","יחס למחנה השני ויכולת גישור","D-011","נכונות לשיח עם דתיים, מסורתיים, חרדים וימנים גם כאשר קיימת מחלוקת ערכית עמוקה","mixed","קובץ פרופיל רונן צור(4).txt; https://www.zman.co.il/496241/; https://www.jdn.co.il/news/2566342/","55","יש התייחסות לראשי גשר בציונות הדתית ובחברה החרדית, אבל אין בסיס חזק לשיח אמפתי ורחב עם כלל הקבוצות."
"רונן צור","דעות","יחס למחנה השני ויכולת גישור","D-012","ראיית חלק מהמחנה השני כשותף עתידי אפשרי לשיקום המדינה לאחר עידן נתניהו","mixed","קובץ פרופיל רונן צור(4).txt; https://www.zman.co.il/496241/; https://www.jdn.co.il/news/2566342/","52","הוא מזהה אפשרות לגייס חלקים מהפריפריה ומהציונות הדתית, אך לא מציג בבירור שותפות רחבה עם המחנה השני לאחר עידן נתניהו."
"רונן צור","דעות","שסעים פנימיים בחברה היהודית","D-013","ראיית השסע העדתי והפריפריאלי כמרכיב מרכזי במשבר הפוליטי בישראל","supports","קובץ פרופיל רונן צור(4).txt; https://www.zman.co.il/496241/; https://www.jdn.co.il/news/2566342/","78","הניתוח שלו מציב במרכז את הפער בין האליטה הליברלית לבין ציבור שמרני, מסורתי, דתי ופריפריאלי."
"רונן צור","דעות","שסעים פנימיים בחברה היהודית","D-014","נכונות לדבר עם מצביעים מזרחים, מסורתיים ופריפריאליים בשפה שאינה מתנשאת ואינה רק ליברלית־אשכנזית","mixed","קובץ פרופיל רונן צור(4).txt; https://www.zman.co.il/496241/; https://www.jdn.co.il/news/2566342/","55","הוא מדגיש צורך לפנות לפריפריה ולחינוך/כלכלה, אך השפה כלפי היריב אינה תמיד נטולת התנשאות."
"רונן צור","דעות","שסעים פנימיים בחברה היהודית","D-015","ראיית השסע הדתי־חילוני כאיום מרכזי על הלכידות של החברה היהודית בישראל","supports","קובץ פרופיל רונן צור(4).txt; https://www.zman.co.il/496241/; https://www.jdn.co.il/news/2566342/","72","הוא מתאר שסע בין האליטה הליברלית לבין הציבור המסורתי־חרדי־דתי־לאומי כאחד ממוקדי הקרב הפוליטי."
"רונן צור","דעות","שסעים פנימיים בחברה היהודית","D-016","תמיכה בבניית ברית חדשה בין ליברלים, מסורתיים, דתיים מתונים ופריפריה חברתית","mixed","קובץ פרופיל רונן צור(4).txt; https://www.zman.co.il/496241/; https://www.jdn.co.il/news/2566342/","57","יש ניסיון לחשוב על ברית ליברלית רחבה עם חלקים בפריפריה ובציונות הדתית, אך אין מצע מפורט של ברית חברתית מתונה."
"רונן צור","דעות","שסעים פנימיים בחברה היהודית","D-017","ביקורת על מחנה המרכז־שמאל כאשר הוא נתפס כמנותק, אליטיסטי או חסר רגישות לפריפריה","supports","קובץ פרופיל רונן צור(4).txt; https://www.zman.co.il/496241/; https://www.jdn.co.il/news/2566342/","90","הוא מבקר באופן ישיר את מחנה המרכז־שמאל על העדר פלטפורמה, צייתנות, הנהגה ומסר."
"רונן צור","דעות","שסעים פנימיים בחברה היהודית","D-018","העדפה לתיקון יחסי מרכז־פריפריה כחלק מבניית מחנה דמוקרטי רחב","supports","קובץ פרופיל רונן צור(4).txt; https://www.zman.co.il/496241/; https://www.jdn.co.il/news/2566342/","76","הוא אומר שיש להקים פריסה בכל הארץ ובמיוחד בפריפריה ולדבר על חינוך, כלכלה ואינטרסים של הפריפריה."
"רונן צור","דעות","מדינה יהודית ודמוקרטית, דת ומדינה","D-019","העדפה לזהות ישראלית שבה הרכיב הדמוקרטי קודם לרכיב הדתי־לאומי כאשר יש התנגשות ביניהם","supports","קובץ פרופיל רונן צור(4).txt; https://www.zman.co.il/496241/; https://103fm.maariv.co.il/programs/media.aspx?ZrqvnVq=JDGEGM&c41t4nzVQ=FJF","78","הדגש המרכזי הוא דמוקרטיה ליברלית, הפרדת רשויות וחוקה; כאשר יש התנגשות הוא ממקם את ההגנה הדמוקרטית במרכז."
"רונן צור","דעות","מדינה יהודית ודמוקרטית, דת ומדינה","D-020","העדפה לזהות ישראלית שבה היהדות היא מקור תרבותי וערכי, אך אינה צריכה לשלוט במוסדות המדינה","supports","קובץ פרופיל רונן צור(4).txt; https://www.zman.co.il/496241/; https://103fm.maariv.co.il/programs/media.aspx?ZrqvnVq=JDGEGM&c41t4nzVQ=FJF","70","במצע/רעיונות סביב דגל ישראל מופיעה חוקה עם הפרדת דת־מדינה, מה שמרמז על יהדות שאינה שולטת במוסדות."
"רונן צור","דעות","מדינה יהודית ודמוקרטית, דת ומדינה","D-021","תמיכה בהפרדה ברורה יותר בין סמכות דתית לבין סמכות מדינתית","supports","קובץ פרופיל רונן צור(4).txt; https://www.zman.co.il/496241/; https://103fm.maariv.co.il/programs/media.aspx?ZrqvnVq=JDGEGM&c41t4nzVQ=FJF","82","יש מקור ישיר על חוקה שמעגנת דמוקרטיה עם הפרדת דת־מדינה והפרדת רשויות."
"רונן צור","דעות","מדינה יהודית ודמוקרטית, דת ומדינה","D-022","נכונות לשמר מרכיבים יהודיים־מסורתיים במרחב הציבורי כדי לאפשר שותפות עם ציבור מסורתי ודתי","unknown","קובץ פרופיל רונן צור(4).txt; https://hagush.org.il/candidates.html; חיפוש רשת כללי","0","לא נמצא בסיס מספיק לעמדה חיובית על שימור מרכיבים מסורתיים במרחב הציבורי לשם שותפות."
"רונן צור","דעות","מדינה יהודית ודמוקרטית, דת ומדינה","D-023","התנגדות לכפייה דתית בנושאי נישואין, שבת, חינוך, מעמד אישי או שירות ציבורי","supports","קובץ פרופיל רונן צור(4).txt; https://www.zman.co.il/496241/; https://103fm.maariv.co.il/programs/media.aspx?ZrqvnVq=JDGEGM&c41t4nzVQ=FJF","68","הפרדת דת־מדינה ותביעה לחופש ליברלי תומכות בהערכת התנגדות לכפייה דתית, אך אין פירוט בכל נושא ספציפי."
"רונן צור","דעות","מדינה יהודית ודמוקרטית, דת ומדינה","D-024","תמיכה בשוויון חובות אזרחיות בין קבוצות, כולל שאלת גיוס חרדים או שירות אזרחי","supports","קובץ פרופיל רונן צור(4).txt; https://www.zman.co.il/496241/; https://www.jdn.co.il/news/2566342/","65","הוא מתייחס לביקורת על השתמטות חרדים ועל מימון ציבור שמרני מכספי האליטה הליברלית; אין מצע שירות מלא."
"רונן צור","דעות","הפרדה, גישור או שתי מדינות לעם היהודי","D-025","אמונה שהפער בין ישראל ליברלית לבין ישראל שמרנית־דתית עדיין ניתן לגישור פוליטי וחברתי","mixed","קובץ פרופיל רונן צור(4).txt; https://www.zman.co.il/496241/; https://www.jdn.co.il/news/2566342/","55","הוא מזהה אפשרות לבנות ראשי גשר אל גורמים בציונות הדתית ובחברה החרדית, אך מתאר את המאבק כקרב אימתני בין אליטות."
"רונן צור","דעות","הפרדה, גישור או שתי מדינות לעם היהודי","D-026","ראיית הפער בין המחנות כעמוק עד כדי צורך בהסדרים של אוטונומיה, ביזור או הפרדה חלקית","mixed","קובץ פרופיל רונן צור(4).txt; https://www.zman.co.il/496241/; https://www.jdn.co.il/news/2566342/","62","הוא מנתח את החברה כשתי אליטות בקרב עמוק, אך אינו מציע במפורש אוטונומיה או הפרדה פנימית."
"רונן צור","דעות","הפרדה, גישור או שתי מדינות לעם היהודי","D-027","תמיכה בביזור סמכויות לשלטון מקומי כדי לאפשר לקהילות שונות לחיות לפי אורחות חיים שונים","mixed","קובץ פרופיל רונן צור(4).txt; https://hagush.org.il/candidates.html; חיפוש רשת כללי","50","קיימת התייחסות לפריסה ארצית ולכוח שטח, אך לא נמצא בסיס ברור לביזור סמכויות לשלטון המקומי."
"רונן צור","דעות","הפרדה, גישור או שתי מדינות לעם היהודי","D-028","התנגדות לרעיון של שתי מדינות לעם היהודי והעדפה למאבק על מסגרת מדינתית אחת משותפת","supports","קובץ פרופיל רונן צור(4).txt; https://www.zman.co.il/496241/; https://www.jdn.co.il/news/2566342/","60","למרות עומק המאבק, הוא פועל במסגרת מדינתית אחת ובניית פלטפורמה ליברלית מרכזית, ולא מציע שתי מדינות פנימיות."
"רונן צור","דעות","הפרדה, גישור או שתי מדינות לעם היהודי","D-029","פתיחות לרעיון של הסדרים פנימיים חדשים בין חילונים, דתיים, חרדים, מסורתיים וליברלים","mixed","קובץ פרופיל רונן צור(4).txt; https://www.zman.co.il/496241/; https://www.jdn.co.il/news/2566342/","50","יש פתיחות לראשי גשר ולמנהיגות מגוונת, אך אין תכנית מוסדית ברורה להסדרים פנימיים חדשים."
"רונן צור","דעות","הפרדה, גישור או שתי מדינות לעם היהודי","D-030","ראיית המשבר הישראלי לא רק כמאבק ימין־שמאל אלא כמאבק בין מודלים שונים של חיים משותפים","supports","קובץ פרופיל רונן צור(4).txt; https://www.zman.co.il/496241/; https://www.jdn.co.il/news/2566342/","84","הוא אומר במפורש שהמאבק אינו רק ימין־שמאל אלא קרב בין אליטה שמרנית לאליטה ליברלית ומודלים חברתיים שונים."
"רונן צור","דעות","יהודים־ערבים, שוויון אזרחי וחיים משותפים","D-031","ראיית אזרחי ישראל הערבים כחלק מלא מהדיון על עתיד המדינה ולא כעניין נפרד או משני","mixed","קובץ פרופיל רונן צור(4).txt; https://www.zman.co.il/496241/; https://103fm.maariv.co.il/programs/media.aspx?ZrqvnVq=JDGEGM&c41t4nzVQ=FJF","50","במצע שהוזכר יש הסדרה ל-7 מיליון יהודים ו-7 מיליון ערבים בין הנהר לים, אך אין פרופיל עקבי על אזרחי ישראל הערבים."
"רונן צור","דעות","יהודים־ערבים, שוויון אזרחי וחיים משותפים","D-032","תמיכה בשוויון אזרחי גם כאשר הוא מחייב שינוי בחוקים, סמלים או חלוקת משאבים","unknown","קובץ פרופיל רונן צור(4).txt; https://hagush.org.il/candidates.html; חיפוש רשת כללי","0","לא נמצא בסיס מספיק לעמדה ספציפית על שינוי חוקים, סמלים או חלוקת משאבים לטובת שוויון אזרחי ערבי."
"רונן צור","דעות","יהודים־ערבים, שוויון אזרחי וחיים משותפים","D-033","תמיכה בשותפות פוליטית יהודית־ערבית כחלק מבניית מחנה דמוקרטי רחב","unknown","קובץ פרופיל רונן צור(4).txt; https://hagush.org.il/candidates.html; חיפוש רשת כללי","0","לא נמצא בסיס מספיק לשותפות פוליטית יהודית־ערבית כחלק מרכזי מזהותו הציבורית."
"רונן צור","דעות","יהודים־ערבים, שוויון אזרחי וחיים משותפים","D-034","העדפה לשילוב אזרחים ערבים במוקדי קבלת החלטות, כולל בתחומים מדיניים וביטחוניים","unknown","קובץ פרופיל רונן צור(4).txt; https://hagush.org.il/candidates.html; חיפוש רשת כללי","0","לא נמצא בסיס מספיק לגבי שילוב אזרחים ערבים במוקדי קבלת החלטות מדיניים וביטחוניים."
"רונן צור","דעות","יהודים־ערבים, שוויון אזרחי וחיים משותפים","D-035","התנגדות לגזענות, הדרה או דה־לגיטימציה של הציבור הערבי בישראל","mixed","קובץ פרופיל רונן צור(4).txt; https://hagush.org.il/candidates.html; חיפוש רשת כללי","45","מחויבותו לדמוקרטיה ליברלית תומכת בכך, אך לא נמצא מקור ישיר ומרכזי על מאבק בגזענות נגד הציבור הערבי."
"רונן צור","דעות","יהודים־ערבים, שוויון אזרחי וחיים משותפים","D-036","הכרה בכך שחיים משותפים מחייבים גם התמודדות עם פחדים, טראומות וחוסר אמון בשני הצדדים","mixed","קובץ פרופיל רונן צור(4).txt; https://www.zman.co.il/496241/; https://103fm.maariv.co.il/programs/media.aspx?ZrqvnVq=JDGEGM&c41t4nzVQ=FJF","50","ההצעה להסדרה בין יהודים לערבים בין הנהר לים רומזת להכרה במורכבות, אך אין פירוט ממשי על טראומות וחוסר אמון."
"רונן צור","דעות","ביטחון, פלסטינים והסדר מדיני","D-037","תמיכה בנתיב מדיני ארוך טווח מול הפלסטינים, גם לאחר שבעה באוקטובר","mixed","קובץ פרופיל רונן צור(4).txt; https://www.zman.co.il/496241/; https://103fm.maariv.co.il/programs/media.aspx?ZrqvnVq=JDGEGM&c41t4nzVQ=FJF","52","יש מקור על כוונה להסדרה אזורית, אך גם התבטאויות ביטחוניות תקיפות כמו תפיסת שטח בעזה/לבנון."
"רונן צור","דעות","ביטחון, פלסטינים והסדר מדיני","D-038","העדפה להיפרדות מדינית וביטחונית מהפלסטינים כדי לשמור על ישראל יהודית ודמוקרטית","unknown","קובץ פרופיל רונן צור(4).txt; https://hagush.org.il/candidates.html; חיפוש רשת כללי","0","לא נמצא בסיס ברור להעדפת היפרדות מדינית־ביטחונית מהפלסטינים כיעד אסטרטגי."
"רונן צור","דעות","ביטחון, פלסטינים והסדר מדיני","D-039","תמיכה בפתרון שתי מדינות או במודל קרוב לו כיעד אסטרטגי","unknown","קובץ פרופיל רונן צור(4).txt; https://hagush.org.il/candidates.html; חיפוש רשת כללי","0","לא נמצא תיעוד ישיר של תמיכה בפתרון שתי מדינות או מודל קרוב לו."
"רונן צור","דעות","ביטחון, פלסטינים והסדר מדיני","D-040","פתיחות למודלים מדיניים מורכבים כגון קונפדרציה, גבולות פתוחים או הסדר אזורי","mixed","קובץ פרופיל רונן צור(4).txt; https://www.zman.co.il/496241/; https://103fm.maariv.co.il/programs/media.aspx?ZrqvnVq=JDGEGM&c41t4nzVQ=FJF","58","הוזכרה הסדרה אזורית, אך ללא פירוט שיטתי של מודלים מורכבים כמו קונפדרציה או גבולות פתוחים."
"רונן צור","דעות","ביטחון, פלסטינים והסדר מדיני","D-041","התנגדות להמשך שליטה ישראלית קבועה על אוכלוסייה פלסטינית ללא זכויות אזר מלאות","unknown","קובץ פרופיל רונן צור(4).txt; https://hagush.org.il/candidates.html; חיפוש רשת כללי","0","לא נמצא בסיס מספיק לעמדה מפורשת נגד שליטה קבועה באוכלוסייה פלסטינית ללא זכויות אזרח."
"רונן צור","דעות","ביטחון, פלסטינים והסדר מדיני","D-042","ראיית הסדר אזורי עם מדינות ערביות מתונות כחלק מרכזי מהעתיד הביטחוני של ישראל","supports","קובץ פרופיל רונן צור(4).txt; https://www.zman.co.il/496241/; https://103fm.maariv.co.il/programs/media.aspx?ZrqvnVq=JDGEGM&c41t4nzVQ=FJF","60","יש התייחסות להסדרה אזורית כחלק מהחשיבה המדינית, אך בלי מסמך מדיני מפורט."
"רונן צור","דעות","שבעה באוקטובר, אחריות, חטופים וזיכרון לאומי","D-043","ראיית שבעה באוקטובר כאירוע שמחייב חשבון נפש מדינתי, מוסדי וחברתי עמוק","supports","קובץ פרופיל רונן צור(4).txt; https://www.ynet.co.il/yedioth/article/hkpomdnna; https://www.kipa.co.il/חדשות/1178527-0/","78","הובלת מטה המשפחות והראיונות לאחר פרישתו מציבים את 7.10 כאירוע שמחייב חשבון נפש ציבורי ומדינתי."
"רונן צור","דעות","שבעה באוקטובר, אחריות, חטופים וזיכרון לאומי","D-044","תמיכה בוועדת חקירה ממלכתית ובאחריות אישית של הדרג המדיני והביטחוני","mixed","קובץ פרופיל רונן צור(4).txt; https://www.ynet.co.il/yedioth/article/hkpomdnna; https://www.kipa.co.il/חדשות/1178527-0/","52","יש ביקורת חריפה על הממשלה ודרישה לאחריות, אך לא נמצא בסיס ישיר ועקבי לוועדת חקירה ממלכתית דווקא."
"רונן צור","דעות","שבעה באוקטובר, אחריות, חטופים וזיכרון לאומי","D-045","ראיית החטופים והמשפחות כסמל מוסרי מרכזי של אחריות המדינה לאזרחיה","supports","קובץ פרופיל רונן צור(4).txt; https://www.ynet.co.il/yedioth/article/hkpomdnna; https://www.kipa.co.il/חדשות/1178527-0/","94","כמייסד/מנהל מטה משפחות החטופים, החטופים והמשפחות היו מוקד מוסרי ופוליטי מרכזי בפעילותו."
"רונן צור","דעות","שבעה באוקטובר, אחריות, חטופים וזיכרון לאומי","D-046","התנגדות לשימוש פוליטי ציני בכאב של משפחות, נפגעים או קהילות שנפגעו במלחמה","supports","קובץ פרופיל רונן צור(4).txt; https://www.ynet.co.il/yedioth/article/hkpomdnna; https://www.kipa.co.il/חדשות/1178527-0/","75","הוא טען שהמשפחות מאוימות ומופעלות פוליטית והתפטר כדי שלא יהפכו לבנות ערובה של גורמים פוליטיים."
"רונן צור","דעות","שבעה באוקטובר, אחריות, חטופים וזיכרון לאומי","D-047","תמיכה בשיקום העוטף והקהילות שנפגעו כחלק מהחוזה הבסיסי בין המדינה לאזרחיה","unknown","קובץ פרופיל רונן צור(4).txt; https://hagush.org.il/candidates.html; חיפוש רשת כללי","0","לא נמצא בסיס מספיק לעמדה מפורטת על שיקום העוטף והקהילות שנפגעו."
"רונן צור","דעות","שבעה באוקטובר, אחריות, חטופים וזיכרון לאומי","D-048","ראיית הטראומה של שבעה באוקטובר כבסיס לבניית מדיניות חדשה, לא רק כהצדקה להמשך מלחמה","mixed","קובץ פרופיל רונן צור(4).txt; https://www.ynet.co.il/yedioth/article/hkpomdnna; https://www.kipa.co.il/חדשות/1178527-0/","50","פעילותו סביב החטופים והמשבר מצביעה על כיוון מדיני־ציבורי חדש, אך לא נמצא ניסוח מדיניות רחב לאחר הטראומה."
"רונן צור","דעות","חברה, כלכלה, רווחה ופריפריה","D-049","הצבת צמצום אי־שוויון חברתי־כלכלי כנושא מרכזי בזהות הפוליטית","mixed","קובץ פרופיל רונן צור(4).txt; https://www.zman.co.il/496241/; https://www.jdn.co.il/news/2566342/","55","הוא מדבר על חינוך, כלכלה ואינטרסים של הפריפריה, אך זה אינו מוצג כזהות חברתית־כלכלית מרכזית לאורך הקריירה."
"רונן צור","דעות","חברה, כלכלה, רווחה ופריפריה","D-050","תמיכה בהרחבת אחריות המדינה בתחומי דיור, חינוך, בריאות ורווחה","mixed","קובץ פרופיל רונן צור(4).txt; https://www.zman.co.il/496241/; https://103fm.maariv.co.il/programs/media.aspx?ZrqvnVq=JDGEGM&c41t4nzVQ=FJF","50","הוזכרו שיפור מוסדות המדינה והשקעות לטווח ארוך בתחומי חינוך, בריאות ותחבורה, אך אין פירוט מדינת רווחה."
"רונן צור","דעות","חברה, כלכלה, רווחה ופריפריה","D-051","תמיכה בזכויות עובדים, עבודה מאורגנת והגנה על שכבות מוחלשות","unknown","קובץ פרופיל רונן צור(4).txt; https://hagush.org.il/candidates.html; חיפוש רשת כללי","0","לא נמצא בסיס מספיק לעמדות עקביות בנושא זכויות עובדים ועבודה מאורגנת."
"רונן צור","דעות","חברה, כלכלה, רווחה ופריפריה","D-052","ראיית הפריפריה הגיאוגרפית והחברתית כשותפה אסטרטגית ולא כקהל יעד משני","supports","קובץ פרופיל רונן צור(4).txt; https://www.zman.co.il/496241/; https://www.jdn.co.il/news/2566342/","68","בראיון הוא מדגיש צורך להתמקד בפריפריה ולהעביר חלק ממנה לגוש הליברלי דרך חינוך, כלכלה ואינטרסים."
"רונן צור","דעות","חברה, כלכלה, רווחה ופריפריה","D-053","תמיכה בהשקעה ארוכת טווח בנגב, בגליל, בעוטף ובערים מוחלשות","mixed","קובץ פרופיל רונן צור(4).txt; https://www.zman.co.il/496241/; https://www.jdn.co.il/news/2566342/","50","יש דיבור כללי על הפריפריה ועל השקעות לטווח ארוך, אך לא נמצא פירוט על נגב, גליל, עוטף וערים מוחלשות."
"רונן צור","דעות","חברה, כלכלה, רווחה ופריפריה","D-054","חיבור בין צדק חברתי לבין בניית מחנה פוליטי חדש ורחב יותר","mixed","קובץ פרופיל רונן צור(4).txt; https://www.zman.co.il/496241/; https://www.jdn.co.il/news/2566342/","55","הוא מחבר בין חינוך, כלכלה, פריפריה ובניית מחנה ליברלי, אך פחות מזוהה כפעיל צדק חברתי."
"רונן צור","דעות","סגנון פשרה, גבולות ויכולת הסכמה","D-055","נכונות לפשרות פוליטיות רחבות כדי לשקם את המדינה גם במחיר ויתור אידיאולוגי חלקי","mixed","קובץ פרופיל רונן צור(4).txt; https://www.zman.co.il/496241/; https://www.jdn.co.il/news/2566342/","50","יש לו ניסיון בקמפיינים וקואליציות, אך הסגנון הציבורי מעדיף הכרעה ומאבק חד יותר מפשרה רחבה."
"רונן צור","דעות","סגנון פשרה, גבולות ויכולת הסכמה","D-056","הצבת קווים אדומים ברורים שמעליהם אין מקום לפשרה עם יריבים פוליטיים","supports","קובץ פרופיל רונן צור(4).txt; https://www.zman.co.il/496241/; https://103fm.maariv.co.il/programs/media.aspx?ZrqvnVq=JDGEGM&c41t4nzVQ=FJF","88","הוא מציב קווים אדומים חדים מול נתניהו, בן גביר, סמוטריץ׳, לוין ומכונות ההשפעה של הימין."
"רונן צור","דעות","סגנון פשרה, גבולות ויכולת הסכמה","D-057","העדפה להסכמות רחבות ולאיטיות על פני מהלכים חדים ומהירים","opposes","קובץ פרופיל רונן צור(4).txt; https://www.zman.co.il/496241/; https://www.jdn.co.il/news/2566342/","70","הדגש הוא על מהלכים חדים, מכונות נגדיות ולחץ ציבורי, לא על איטיות והסכמות רחבות."
"רונן צור","דעות","סגנון פשרה, גבולות ויכולת הסכמה","D-058","העדפה למאבק חד וברור כאשר פשרה נתפסת ככניעה לכוחות אנטי־דמוקרטיים","supports","קובץ פרופיל רונן צור(4).txt; https://www.zman.co.il/496241/; https://www.jdn.co.il/news/2566342/","92","הוא מעדיף מאבק ברור כאשר הוא רואה איום אנטי־דמוקרטי, ואף מבקר מחאה שלדעתו אינה אגרסיבית מספיק."
"רונן צור","דעות","סגנון פשרה, גבולות ויכולת הסכמה","D-059","יכולת להבחין בין פשרה עניינית לבין טשטוש ערכי מסוכן","supports","קובץ פרופיל רונן צור(4).txt; https://www.zman.co.il/496241/; https://www.jdn.co.il/news/2566342/","70","ביקורתו על צייתנות במחנהו ועל העדר עמוד שדרה מצביעה על הבחנה בין פשרה לבין טשטוש ערכי."
"רונן צור","דעות","סגנון פשרה, גבולות ויכולת הסכמה","D-060","נכונות לבנות קואליציות עתידיות עם גורמים שאינם שייכים למחנה הטבעי, אם הם מקבלים כללי משחק דמוקרטיים","mixed","קובץ פרופיל רונן צור(4).txt; https://www.jdn.co.il/news/2566342/; https://www.zman.co.il/496241/","55","יש לו ניסיון בבניית גושים פוליטיים, אך לא נמצא בסיס ברור לנכונות קואליציונית עם גורמים מחוץ למחנה הטבעי."
"רונן צור","יכולות","מומחיות מדינית, ביטחונית וממשלית","cap_001","ניסיון ישיר במערכות מדינה בכירות או במוקדי קבלת החלטות","partial","קובץ פרופיל רונן צור(4).txt; https://www.jdn.co.il/news/2566342/; https://www.zman.co.il/496241/","65","כיהן כחבר כנסת קצר וכיועץ לשרים, אך אין ניסיון ממשלתי בכיר ממושך."
"רונן צור","יכולות","מומחיות מדינית, ביטחונית וממשלית","cap_002","הבנה מוכחת של סוגיות מדיניות, ביטחוניות ואזוריות מורכבות","partial","קובץ פרופיל רונן צור(4).txt; https://www.zman.co.il/496241/; https://www.jdn.co.il/news/2566342/","65","יש הבנה פוליטית־אסטרטגית וניהול קמפיינים, אך פחות מומחיות ביטחונית/מדינית מקצועית עצמאית."
"רונן צור","יכולות","מומחיות מדינית, ביטחונית וממשלית","cap_003","ניסיון במשא ומתן, דיאלוג אסטרטגי או קשרים בינלאומיים","partial","קובץ פרופיל רונן צור(4).txt; https://www.jdn.co.il/news/2566342/; https://www.zman.co.il/496241/","60","ייעץ לקמפיינים ולמנהיגים וניהל ממשקים פוליטיים, אך אין תיעוד ברור לניסיון מו״מ מדיני/בינלאומי."
"רונן צור","יכולות","מומחיות מדינית, ביטחונית וממשלית","cap_004","ניסיון צבאי, מודיעיני או ביטחוני בעל רלוונטיות לעבודה ציבורית","unknown","קובץ פרופיל רונן צור(4).txt; https://hagush.org.il/candidates.html; חיפוש רשת כללי","0","לא נמצא תיעוד פומבי מספק לשירות צבאי, מודיעיני או ביטחוני רלוונטי."
"רונן צור","יכולות","מומחיות מדינית, ביטחונית וממשלית","cap_005","יכולת לגבש תפיסה מדינית־ביטחונית סדורה ולא רק עמדה ערכית כללית","partial","קובץ פרופיל רונן צור(4).txt; https://www.zman.co.il/496241/; https://www.jdn.co.il/news/2566342/","62","יש תפיסה פוליטית־אסטרטגית סדורה סביב גוש ליברלי והסדרה אזורית, אך לא מסמך מדיני־ביטחוני מלא."
"רונן צור","יכולות","מומחיות מדינית, ביטחונית וממשלית","cap_006","יכולת לחבר בין יעדים ביטחוניים לבין יעדים מדיניים ארוכי טווח","partial","קובץ פרופיל רונן צור(4).txt; https://www.zman.co.il/496241/; https://103fm.maariv.co.il/programs/media.aspx?ZrqvnVq=JDGEGM&c41t4nzVQ=FJF","60","הקישור בין יציבות פוליטית, הסדרה אזורית וביטחון קיים, אך אינו מומחיות ביטחונית מוכחת."
"רונן צור","יכולות","ארגון, ניהול וביצוע","cap_007","ניסיון בהקמה וניהול של ארגונים, חברות, תנועות או מטות פעולה","has","קובץ פרופיל רונן צור(4).txt; https://www.zman.co.il/496241/; https://www.jdn.co.il/news/2566342/","92","הקים משרד תקשורת משלו, תנועת דגל ישראל, מכונת הניצחון והיה ממקימי/מנהלי מטה משפחות החטופים."
"רונן צור","יכולות","ארגון, ניהול וביצוע","cap_008","יכולת להוביל צוותים, תקציבים, קהילות או מערכות מורכבות","has","קובץ פרופיל רונן צור(4).txt; https://www.zman.co.il/496241/; https://www.jdn.co.il/news/2566342/","88","ניהל מטות, משרד יח״צ, קמפיינים ותשתיות פעולה ציבוריות ודיגיטליות."
"רונן צור","יכולות","ארגון, ניהול וביצוע","cap_009","הובלת מאבקים ציבוריים שהניבו תוצאות ממשיות","has","קובץ פרופיל רונן צור(4).txt; https://www.ynet.co.il/yedioth/article/hkpomdnna; https://www.kipa.co.il/חדשות/1178527-0/","86","הוביל מאבקים ציבוריים בולטים סביב החטופים, המחאה וערוץ 14, גם אם חלקם שנויים במחלוקת."
"רונן צור","יכולות","ארגון, ניהול וביצוע","cap_010","יכולת להפוך רעיון כללי לתשתית פעולה מתמשכת","has","קובץ פרופיל רונן צור(4).txt; https://www.zman.co.il/496241/; https://www.jdn.co.il/news/2566342/","90","הפך רעיונות כמו מטה חטופים, דגל ישראל ומכונת הניצחון לתשתיות פעולה מתמשכות."
"רונן צור","יכולות","ארגון, ניהול וביצוע","cap_011","ניסיון בניהול משברים ציבוריים, פוליטיים או ארגוניים","has","קובץ פרופיל רונן צור(4).txt; https://www.ynet.co.il/yedioth/article/hkpomdnna; https://www.kipa.co.il/חדשות/1178527-0/","88","ניהל משברים ציבוריים ותקשורתיים מורכבים, כולל מטה החטופים וקרבות תקשורתיים."
"רונן צור","יכולות","ארגון, ניהול וביצוע","cap_012","מוכנות לקחת אחריות אישית גבוהה על מהלך ציבורי או ארגוני","has","קובץ פרופיל רונן צור(4).txt; https://www.ynet.co.il/yedioth/article/hkpomdnna; https://www.kipa.co.il/חדשות/1178527-0/","82","נטל תפקידים גלויים ועתירי סיכון ציבורי, כולל מטה החטופים ומאבק פוליטי חריף."
"רונן צור","יכולות","חקיקה, פוליטיקה ומוסדות","cap_013","ניסיון בעבודה פרלמנטרית, ועדות כנסת, חקיקה או הצעות חוק","partial","קובץ פרופיל רונן צור(4).txt; https://www.jdn.co.il/news/2566342/; https://www.zman.co.il/496241/","58","היה חבר כנסת לתקופה קצרה ועבד במפלגת העבודה ובכנסת, אך אין בסיס לחקיקה ממשית משמעותית."
"רונן צור","יכולות","חקיקה, פוליטיקה ומוסדות","cap_014","היכרות מעשית עם מנגנוני מפלגות, פריימריז, רשימות וקואליציות","has","קובץ פרופיל רונן צור(4).txt; https://www.jdn.co.il/news/2566342/; https://www.zman.co.il/496241/","90","ניסיון ארוך במפלגת העבודה, המשמרת הצעירה, קמפיינים, פריימריז וגושים פוליטיים."
"רונן צור","יכולות","חקיקה, פוליטיקה ומוסדות","cap_015","יכולת לפעול בתוך מוסדות קיימים ולא רק מחוץ להם","has","קובץ פרופיל רונן צור(4).txt; https://www.jdn.co.il/news/2566342/; https://www.zman.co.il/496241/","82","פעל גם בתוך מוסדות פוליטיים וכנסת וגם מחוץ להם כמארגן ויועץ."
"רונן צור","יכולות","חקיקה, פוליטיקה ומוסדות","cap_016","ניסיון בבניית תנועה פוליטית, מפלגה או אלטרנטיבה שלטונית","has","קובץ פרופיל רונן צור(4).txt; https://www.zman.co.il/496241/; https://www.jdn.co.il/news/2566342/","86","היה מרכזי בהקמת כחול לבן ברמה אסטרטגית, דגל ישראל ומכונת הניצחון."
"רונן צור","יכולות","חקיקה, פוליטיקה ומוסדות","cap_017","יכולת לייצר שיתופי פעולה בין זרמים, מפלגות או קבוצות אינטרס","has","קובץ פרופיל רונן צור(4).txt; https://www.jdn.co.il/news/2566342/; https://www.zman.co.il/496241/","84","ניסיונו בקמפיינים, כחול לבן ועבודה מול מנהיגים מעיד על יכולת לייצר שיתופי פעולה בין זרמים."
"רונן צור","יכולות","חקיקה, פוליטיקה ומוסדות","cap_018","יכולת לתרגם עמדות אידיאולוגיות לפעולות מוסדיות או חקיקתיות","partial","קובץ פרופיל רונן צור(4).txt; https://www.jdn.co.il/news/2566342/; https://www.zman.co.il/496241/","65","יש יכולת לתרגם מסרים לפעולה פוליטית, אך פחות תיעוד לתרגום אידיאולוגיה לחקיקה."
"רונן צור","יכולות","תקשורת, הסברה והשפעה ציבורית","cap_019","יכולת ליצור מסרים חדים, ברורים וזכירים","has","קובץ פרופיל רונן צור(4).txt; https://www.zman.co.il/496241/; https://www.jdn.co.il/news/2566342/","96","מומחיותו המרכזית היא מסרים חדים, ניהול תקשורת וייעוץ אסטרטגי."
"רונן צור","יכולות","תקשורת, הסברה והשפעה ציבורית","cap_020","יכולת לייצר תוכן דיגיטלי, ויראלי או תקשורתי שמגיע לקהלים רחבים","has","קובץ פרופיל רונן צור(4).txt; https://www.zman.co.il/496241/; https://www.jdn.co.il/news/2566342/","88","הקים/הפעיל תשתיות דיגיטליות כמו מכונת הניצחון ומנהל קמפיינים תקשורתיים."
"רונן צור","יכולות","תקשורת, הסברה והשפעה ציבורית","cap_021","ניסיון בהופעה ציבורית, ראיונות, פודקאסטים, קולנוע, כתיבה או הרצאות","has","קובץ פרופיל רונן צור(4).txt; https://www.zman.co.il/496241/; https://www.jdn.co.il/news/2566342/","90","מרואיין, יועץ תקשורת, מרצה ומופיע רבות בזירה הציבורית."
"רונן צור","יכולות","תקשורת, הסברה והשפעה ציבורית","cap_022","יכולת להסביר נושאים מורכבים בשפה נגישה ולא טכנוקרטית","has","קובץ פרופיל רונן צור(4).txt; https://www.zman.co.il/496241/; https://www.jdn.co.il/news/2566342/","82","הראיונות והקמפיינים מראים יכולת להמיר ניתוח פוליטי מורכב למסרים ציבוריים קצרים."
"רונן צור","יכולות","תקשורת, הסברה והשפעה ציבורית","cap_023","יכולת לנהל מאבק תודעתי מול יריבים פוליטיים או תקשורתיים","has","קובץ פרופיל רונן צור(4).txt; https://www.zman.co.il/496241/; https://www.jdn.co.il/news/2566342/","94","זהו אחד ממוקדי כוחו: מאבק תודעתי מול יריבים פוליטיים ותקשורתיים."
"רונן צור","יכולות","תקשורת, הסברה והשפעה ציבורית","cap_024","יכולת להפוך סיפור אישי או ערכי לכלי גיוס ציבורי","has","קובץ פרופיל רונן צור(4).txt; https://www.ynet.co.il/yedioth/article/hkpomdnna; https://www.kipa.co.il/חדשות/1178527-0/","80","השתמש בסיפור מטה החטופים, המחאה והדמוקרטיה ככלי גיוס ציבורי."
"רונן צור","יכולות","חיבור בין קהלים ועולמות","cap_025","יכולת לחבר בין יהודים לערבים בתוך מסגרת פוליטית או אזרחית משותפת","unknown","קובץ פרופיל רונן צור(4).txt; https://hagush.org.il/candidates.html; חיפוש רשת כללי","0","לא נמצא בסיס מספיק ליכולת מוכחת לחיבור יהודי־ערבי במסגרת פוליטית או אזרחית משותפת."
"רונן צור","יכולות","חיבור בין קהלים ועולמות","cap_026","יכולת לחבר בין שמאל ליברלי לבין פריפריה מזרחית, מסורתית או גיאוגרפית","partial","קובץ פרופיל רונן צור(4).txt; https://www.zman.co.il/496241/; https://www.jdn.co.il/news/2566342/","55","הוא מזהה את הצורך לפנות לפריפריה, אך לא הוכחה אמינות עמוקה שם כמו אצל מועמדים מהפריפריה עצמה."
"רונן צור","יכולות","חיבור בין קהלים ועולמות","cap_027","יכולת לחבר בין עולם המחאה לבין עבודה מפלגתית ומוסדית","has","קובץ פרופיל רונן צור(4).txt; https://www.jdn.co.il/news/2566342/; https://www.zman.co.il/496241/","85","ניסיונו מחבר בין מחאה אזרחית, מטה חטופים וחזרה אפשרית לעבודה מפלגתית."
"רונן צור","יכולות","חיבור בין קהלים ועולמות","cap_028","יכולת לחבר בין היי־טק, חדשנות ודיגיטל לבין פוליטיקה ציבורית","partial","קובץ פרופיל רונן צור(4).txt; https://www.zman.co.il/496241/; https://www.jdn.co.il/news/2566342/","68","הקים ארגון דיגיטלי פוליטי, אך אינו מזוהה עם היי־טק או חדשנות טכנולוגית מקצועית."
"רונן צור","יכולות","חיבור בין קהלים ועולמות","cap_029","יכולת לחבר בין שפה מקצועית־ביטחונית לבין שפה אזרחית וערכית","partial","קובץ פרופיל רונן צור(4).txt; https://www.ynet.co.il/yedioth/article/hkpomdnna; https://www.kipa.co.il/חדשות/1178527-0/","60","יודע לתווך נושאי ביטחון וחטופים לשפה אזרחית, אך ללא מומחיות ביטחונית מוכחת."
"רונן צור","יכולות","חיבור בין קהלים ועולמות","cap_030","אמינות מול קהילות שטח ולא רק מול קהל תקשורתי או אליטיסטי","partial","קובץ פרופיל רונן צור(4).txt; https://www.zman.co.il/496241/; https://www.israelhayom.co.il/news/law/article/16144187","55","יש לו קהל שטח במחאה, אך גם ביקורת על זיהוי פוליטי חד ועל כוחנות."
"רונן צור","יכולות","חדשנות, למידה ושיתוף ציבור","cap_031","שימוש בטכנולוגיה, מידע או כלים דיגיטליים לשיתוף ציבור וארגון פוליטי","has","קובץ פרופיל רונן צור(4).txt; https://www.zman.co.il/496241/; https://www.jdn.co.il/news/2566342/","80","מכונת הניצחון והקבוצות הדיגיטליות מצביעות על שימוש בכלים דיגיטליים לארגון פוליטי."
"רונן צור","יכולות","חדשנות, למידה ושיתוף ציבור","cap_032","חשיבה מערכתית שמזהה קשרים בין משבר פוליטי, כלכלה, ביטחון וחברה","has","קובץ פרופיל רונן צור(4).txt; https://www.zman.co.il/496241/; https://www.jdn.co.il/news/2566342/","82","הראיון בזמן ישראל מציג חשיבה מערכתית על פוליטיקה, חברה, פריפריה, תקשורת וכוח."
"רונן צור","יכולות","חדשנות, למידה ושיתוף ציבור","cap_033","יזמות בפתרונות לא שגרתיים לבעיות פוליטיות או חברתיות","has","קובץ פרופיל רונן צור(4).txt; https://www.zman.co.il/496241/; https://www.jdn.co.il/news/2566342/","84","הקמת מכונות השפעה נגדיות ותשתיות מחאה מצביעות על יזמות פוליטית לא שגרתית."
"רונן צור","יכולות","חדשנות, למידה ושיתוף ציבור","cap_034","יכולת ללמוד תחומים חדשים ולהפוך אותם לשפה ציבורית ברורה","has","קובץ פרופיל רונן צור(4).txt; https://www.zman.co.il/496241/; https://www.jdn.co.il/news/2566342/","76","הקריירה שלו מבוססת על ניסוח פומבי והסברה של תחומים פוליטיים מורכבים."
"רונן צור","יכולות","חדשנות, למידה ושיתוף ציבור","cap_035","שילוב בין ידע מקצועי, ניסיון אישי וערכים פוליטיים","has","קובץ פרופיל רונן צור(4).txt; https://www.zman.co.il/496241/; https://www.jdn.co.il/news/2566342/","78","משלב ניסיון תקשורתי־פוליטי, סיפור מטה החטופים וערכים ליברליים־דמוקרטיים."
"רונן צור","יכולות","חדשנות, למידה ושיתוף ציבור","cap_036","פתיחות לניסויים ארגוניים ודמוקרטיים חדשים ולא רק לשיטות פוליטיות קיימות","has","קובץ פרופיל רונן צור(4).txt; https://www.zman.co.il/496241/; https://www.jdn.co.il/news/2566342/","78","הוא מציע בחירות פנימיות, פלטפורמות חדשות ומכונות השפעה כפתרונות ארגוניים־דמוקרטיים."
"אבי דבוש","דעות","דמוקרטיה, משילות ותיקון מוסדות המדינה","D-001","נטייה לתיקון חוקתי ומוסדי עמוק, ולא רק להחלפת ממשלה","supports","קובץ פרופיל אבי דבוש(7).txt; https://heb.hartman.org.il/person/avi-dabush/; https://ha-migdalor.co.il/lecturers/avi-dabush/","75","פעילותו נגד הרפורמה המשפטית, בקריאה לוועדת חקירה ולתיקון אחריות המדינה מצביעה על נטייה לתיקון מוסדי רחב."
"אבי דבוש","דעות","דמוקרטיה, משילות ותיקון מוסדות המדינה","D-002","ראיית המשבר הדמוקרטי כתוצאה של שיטה פוליטית פגומה ולא רק של אדם או ממשלה מסוימת","supports","קובץ פרופיל אבי דבוש(7).txt; https://www.zman.co.il/677735/; https://www.pardes.co.il/?catnum=978-1-61838-946-6&id=showbook","78","הוא קושר את המשבר לאמון המדינה בפריפריה, לשלטון, לזכויות ולפערים חברתיים, ולא רק לאדם אחד."
"אבי דבוש","דעות","דמוקרטיה, משילות ותיקון מוסדות המדינה","D-003","נכונות למאבק ציבורי חריף כאשר מוסדות המדינה נתפסים כמאוימים","supports","קובץ פרופיל אבי דבוש(7).txt; https://heb.hartman.org.il/person/avi-dabush/; https://ha-migdalor.co.il/lecturers/avi-dabush/","80","מוביל מחאות ומאבקים אזרחיים סביבתיים, חברתיים ומדיניים מעל 20 שנה, כולל נגד הרפורמה."
"אבי דבוש","דעות","דמוקרטיה, משילות ותיקון מוסדות המדינה","D-004","העדפה לשיקום ממלכתי, זהיר ומוסדי של המדינה לאחר המשבר","supports","קובץ פרופיל אבי דבוש(7).txt; https://heb.hartman.org.il/person/avi-dabush/; https://www.srugim.co.il/1302773-הפעיל-החברתי-אבי-דבוש-מצטרף-להדמוקרטים","82","סגנונו מדגיש אחריות, תיקון, ועדת חקירה, זכויות אדם ושיקום אמון — יותר מאבק מוסדי זהיר מאשר כוחנות."
"אבי דבוש","דעות","דמוקרטיה, משילות ותיקון מוסדות המדינה","D-005","תמיכה בשיתוף ציבור, דמוקרטיה פנימית ושקיפות בתוך המפלגה ובמערכת הפוליטית","supports","קובץ פרופיל אבי דבוש(7).txt; https://heb.hartman.org.il/person/avi-dabush/; https://ha-migdalor.co.il/lecturers/avi-dabush/","68","רקעו בארגוני חברה אזרחית, כוח לעובדים ותנועות פריפריה תומך בדמוקרטיה פנימית ושיתוף ציבור, אף שאין מצע מפלגתי מפורט."
"אבי דבוש","דעות","דמוקרטיה, משילות ותיקון מוסדות המדינה","D-006","נכונות להגביל כוח שלטוני גם כאשר הכוח נמצא בידי המחנה הקרוב אידיאולוגית","supports","קובץ פרופיל אבי דבוש(7).txt; https://heb.hartman.org.il/person/avi-dabush/; https://www.nadavnishri.co.il/mediation-between-peoples-war-peace-avi-dabush/","80","פעילות זכויות האדם ורבנים לזכויות אדם מצביעה על נכונות להגביל כוח שלטוני גם משיקולי זכויות ועקרונות."
"אבי דבוש","דעות","יחס למחנה השני ויכולת גישור","D-007","ראיית מצביעי המחנה השני כיריבים פוליטיים לגיטימיים ולא כאויבים","supports","קובץ פרופיל אבי דבוש(7).txt; https://www.zman.co.il/677735/; https://www.pardes.co.il/?catnum=978-1-61838-946-6&id=showbook","86","הספר והפעילות מחברים שמאל וימין, יהודים וערבים, ערי פיתוח וקיבוצים, ללא דה־לגיטימציה גורפת של מצביעי ימין."
"אבי דבוש","דעות","יחס למחנה השני ויכולת גישור","D-008","הבחנה בין הנהגת המחנה השני לבין הציבור הרחב שתומך בה","supports","קובץ פרופיל אבי דבוש(7).txt; https://www.zman.co.il/677735/; https://www.pardes.co.il/?catnum=978-1-61838-946-6&id=showbook","78","הרקע ממשפחה מזרחית, דתית וימנית והביקורת על הממשלה מאפשרים הבחנה בין הנהגה לבין ציבור תומכים."
"אבי דבוש","דעות","יחס למחנה השני ויכולת גישור","D-009","אמונה שאפשר לבנות גשר מחודש בין המחנה הדמוקרטי־ליברלי לבין חלקים מהימין המסורתי","supports","קובץ פרופיל אבי דבוש(7).txt; https://www.zman.co.il/677735/; https://www.pardes.co.il/?catnum=978-1-61838-946-6&id=showbook","90","כל סיפורו הציבורי הוא ניסיון לחבר שמאל ליברלי לפריפריה מזרחית, מסורתית וימנית לשעבר."
"אבי דבוש","דעות","יחס למחנה השני ויכולת גישור","D-010","העדפה להכרעה פוליטית ברורה על פני פיוס מוקדם עם המחנה השני","mixed","קובץ פרופיל אבי דבוש(7).txt; https://www.zman.co.il/677735/; https://www.pardes.co.il/?catnum=978-1-61838-946-6&id=showbook","45","יש לו קווים ערכיים חדים, אך זהותו הציבורית מדגישה גישור, שותפות ודיאלוג יותר מהכרעה ללא פיוס."
"אבי דבוש","דעות","יחס למחנה השני ויכולת גישור","D-011","נכונות לשיח עם דתיים, מסורתיים, חרדים וימנים גם כאשר קיימת מחלוקת ערכית עמוקה","supports","קובץ פרופיל אבי דבוש(7).txt; https://heb.hartman.org.il/person/avi-dabush/; https://ha-migdalor.co.il/lecturers/avi-dabush/","92","מגיע מרקע דתי־מזרחי־ימני, לומד לרבנות ישראלית ופועל לדבר עם מסורתיים, דתיים וימנים."
"אבי דבוש","דעות","יחס למחנה השני ויכולת גישור","D-012","ראיית חלק מהמחנה השני כשותף עתידי אפשרי לשיקום המדינה לאחר עידן נתניהו","supports","קובץ פרופיל אבי דבוש(7).txt; https://www.zman.co.il/677735/; https://www.pardes.co.il/?catnum=978-1-61838-946-6&id=showbook","82","הפעילות בפריפריות והחיבור בין שמאל וימין מעידים שהוא רואה חלקים מהמחנה השני כשותפים עתידיים."
"אבי דבוש","דעות","שסעים פנימיים בחברה היהודית","D-013","ראיית השסע העדתי והפריפריאלי כמרכיב מרכזי במשבר הפוליטי בישראל","supports","קובץ פרופיל אבי דבוש(7).txt; https://www.zman.co.il/677735/; https://www.pardes.co.il/?catnum=978-1-61838-946-6&id=showbook","96","השסע העדתי והפריפריאלי הוא ליבת ספרו ופעילותו הציבורית."
"אבי דבוש","דעות","שסעים פנימיים בחברה היהודית","D-014","נכונות לדבר עם מצביעים מזרחים, מסורתיים ופריפריאליים בשפה שאינה מתנשאת ואינה רק ליברלית־אשכנזית","supports","קובץ פרופיל אבי דבוש(7).txt; https://www.zman.co.il/677735/; https://www.pardes.co.il/?catnum=978-1-61838-946-6&id=showbook","96","הוא עצמו מזרחי, דתי־לשעבר/מסורתי ופריפריאלי, ומקדיש את פעילותו לשפה לא מתנשאת מול קבוצות אלה."
"אבי דבוש","דעות","שסעים פנימיים בחברה היהודית","D-015","ראיית השסע הדתי־חילוני כאיום מרכזי על הלכידות של החברה היהודית בישראל","supports","קובץ פרופיל אבי דבוש(7).txt; https://www.zman.co.il/677735/; https://www.pardes.co.il/?catnum=978-1-61838-946-6&id=showbook","78","הוא מדגיש שהמחנה שלו מפספס את המסורת היהודית ושיש צורך בגישור בין ליברליות למסורת."
"אבי דבוש","דעות","שסעים פנימיים בחברה היהודית","D-016","תמיכה בבניית ברית חדשה בין ליברלים, מסורתיים, דתיים מתונים ופריפריה חברתית","supports","קובץ פרופיל אבי דבוש(7).txt; https://heb.hartman.org.il/person/avi-dabush/; https://ha-migdalor.co.il/lecturers/avi-dabush/","92","זהות השמאל הדתי־ליברלי שלו מכוונת לברית בין ליברלים, דתיים מתונים, מסורתיים ופריפריה."
"אבי דבוש","דעות","שסעים פנימיים בחברה היהודית","D-017","ביקורת על מחנה המרכז־שמאל כאשר הוא נתפס כמנותק, אליטיסטי או חסר רגישות לפריפריה","supports","קובץ פרופיל אבי דבוש(7).txt; https://www.zman.co.il/677735/; https://www.pardes.co.il/?catnum=978-1-61838-946-6&id=showbook","90","הוא מבקר את השמאל/מרכז־שמאל על ניתוק מהפריפריה, מסורת ומזרחיות."
"אבי דבוש","דעות","שסעים פנימיים בחברה היהודית","D-018","העדפה לתיקון יחסי מרכז־פריפריה כחלק מבניית מחנה דמוקרטי רחב","supports","קובץ פרופיל אבי דבוש(7).txt; https://www.zman.co.il/677735/; https://www.pardes.co.il/?catnum=978-1-61838-946-6&id=showbook","96","תנועת הפריפריות, מועצת הנגב ומטה הפריפריות מציבים תיקון מרכז־פריפריה בליבת המחנה."
"אבי דבוש","דעות","מדינה יהודית ודמוקרטית, דת ומדינה","D-019","העדפה לזהות ישראלית שבה הרכיב הדמוקרטי קודם לרכיב הדתי־לאומי כאשר יש התנגשות ביניהם","mixed","קובץ פרופיל אבי דבוש(7).txt; https://heb.hartman.org.il/person/avi-dabush/; https://ha-migdalor.co.il/lecturers/avi-dabush/","58","הוא ליברל וזכויות־אדם, אך היהדות אצלו אינה רק תרבותית אלא מקור ערכי משמעותי; לכן לא ברור שהדמוקרטי תמיד קודם לדתי."
"אבי דבוש","דעות","מדינה יהודית ודמוקרטית, דת ומדינה","D-020","העדפה לזהות ישראלית שבה היהדות היא מקור תרבותי וערכי, אך אינה צריכה לשלוט במוסדות המדינה","supports","קובץ פרופיל אבי דבוש(7).txt; https://heb.hartman.org.il/person/avi-dabush/; https://ha-migdalor.co.il/lecturers/avi-dabush/","74","הוא מייצג יהדות ליברלית של חסד וצדק שאינה מבקשת שליטה מוסדית דתית."
"אבי דבוש","דעות","מדינה יהודית ודמוקרטית, דת ומדינה","D-021","תמיכה בהפרדה ברורה יותר בין סמכות דתית לבין סמכות מדינתית","supports","קובץ פרופיל אבי דבוש(7).txt; https://heb.hartman.org.il/person/avi-dabush/; https://ha-migdalor.co.il/lecturers/avi-dabush/","65","כמועמד מרצ/הדמוקרטים ופעיל ליברלי הוא תומך בהפרדה מעשית בין סמכות דתית למדינתית, אם כי לא נמצא פירוט ישיר לכל סוגיה."
"אבי דבוש","דעות","מדינה יהודית ודמוקרטית, דת ומדינה","D-022","נכונות לשמר מרכיבים יהודיים־מסורתיים במרחב הציבורי כדי לאפשר שותפות עם ציבור מסורתי ודתי","supports","קובץ פרופיל אבי דבוש(7).txt; https://heb.hartman.org.il/person/avi-dabush/; https://ha-migdalor.co.il/lecturers/avi-dabush/","88","להבדיל מחילוניות נוקשה, הוא מדגיש שילוב מסורת ויהדות כגשר לציבור דתי ומסורתי."
"אבי דבוש","דעות","מדינה יהודית ודמוקרטית, דת ומדינה","D-023","התנגדות לכפייה דתית בנושאי נישואין, שבת, חינוך, מעמד אישי או שירות ציבורי","supports","קובץ פרופיל אבי דבוש(7).txt; https://heb.hartman.org.il/person/avi-dabush/; https://ha-migdalor.co.il/lecturers/avi-dabush/","70","עמדותיו הליברליות וזיהויו עם מרצ וזכויות אדם תומכים בהתנגדות לכפייה דתית, אף שאין פירוט לכל נושא."
"אבי דבוש","דעות","מדינה יהודית ודמוקרטית, דת ומדינה","D-024","תמיכה בשוויון חובות אזרחיות בין קבוצות, כולל שאלת גיוס חרדים או שירות אזרחי","mixed","קובץ פרופיל אבי דבוש(7).txt; https://hagush.org.il/candidates.html; חיפוש רשת כללי","45","לא נמצא בסיס ישיר לעמדות מפורטות על גיוס חרדים או שירות אזרחי, מעבר למחויבות כללית לשוויון ואחריות."
"אבי דבוש","דעות","הפרדה, גישור או שתי מדינות לעם היהודי","D-025","אמונה שהפער בין ישראל ליברלית לבין ישראל שמרנית־דתית עדיין ניתן לגישור פוליטי וחברתי","supports","קובץ פרופיל אבי דבוש(7).txt; https://www.zman.co.il/677735/; https://www.pardes.co.il/?catnum=978-1-61838-946-6&id=showbook","92","הוא מציג פערים בין ליברלים, מסורתיים ופריפריה כניתנים לגישור דרך שפה יהודית־חברתית משותפת."
"אבי דבוש","דעות","הפרדה, גישור או שתי מדינות לעם היהודי","D-026","ראיית הפער בין המחנות כעמוק עד כדי צורך בהסדרים של אוטונומיה, ביזור או הפרדה חלקית","opposes","קובץ פרופיל אבי דבוש(7).txt; https://www.zman.co.il/677735/; https://www.pardes.co.il/?catnum=978-1-61838-946-6&id=showbook","70","הזהות הציבורית שלו מכוונת לחיבור וגישור, לא להסדרים של אוטונומיה או הפרדה פנימית."
"אבי דבוש","דעות","הפרדה, גישור או שתי מדינות לעם היהודי","D-027","תמיכה בביזור סמכויות לשלטון מקומי כדי לאפשר לקהילות שונות לחיות לפי אורחות חיים שונים","mixed","קובץ פרופיל אבי דבוש(7).txt; https://hagush.org.il/candidates.html; חיפוש רשת כללי","50","כפעיל פריפריות ושלטון מקומי יש פתיחות לביזור, אך לא נמצא בסיס מפורש לביזור אורחות חיים קהילתיים."
"אבי דבוש","דעות","הפרדה, גישור או שתי מדינות לעם היהודי","D-028","התנגדות לרעיון של שתי מדינות לעם היהודי והעדפה למאבק על מסגרת מדינתית אחת משותפת","supports","קובץ פרופיל אבי דבוש(7).txt; https://www.zman.co.il/677735/; https://www.pardes.co.il/?catnum=978-1-61838-946-6&id=showbook","78","הוא מתנגד בפועל לרעיון של שתי מדינות פנימיות לעם היהודי ומעדיף מאבק על חברה משותפת אחת."
"אבי דבוש","דעות","הפרדה, גישור או שתי מדינות לעם היהודי","D-029","פתיחות לרעיון של הסדרים פנימיים חדשים בין חילונים, דתיים, חרדים, מסורתיים וליברלים","supports","קובץ פרופיל אבי דבוש(7).txt; https://heb.hartman.org.il/person/avi-dabush/; https://ha-migdalor.co.il/lecturers/avi-dabush/","75","פעילותו היהודית־ליברלית והפריפריאלית מעידה על פתיחות להסדרים חדשים בין קבוצות יהודיות שונות."
"אבי דבוש","דעות","הפרדה, גישור או שתי מדינות לעם היהודי","D-030","ראיית המשבר הישראלי לא רק כמאבק ימין־שמאל אלא כמאבק בין מודלים שונים של חיים משותפים","supports","קובץ פרופיל אבי דבוש(7).txt; https://www.zman.co.il/677735/; https://www.pardes.co.il/?catnum=978-1-61838-946-6&id=showbook","88","הוא מפרש את המשבר כמפגש בין פריפריה, מסורת, מזרחיות, שמאל וזכויות אדם — מעבר לימין־שמאל רגיל."
"אבי דבוש","דעות","יהודים־ערבים, שוויון אזרחי וחיים משותפים","D-031","ראיית אזרחי ישראל הערבים כחלק מלא מהדיון על עתיד המדינה ולא כעניין נפרד או משני","supports","קובץ פרופיל אבי דבוש(7).txt; https://heb.hartman.org.il/person/avi-dabush/; https://www.nadavnishri.co.il/mediation-between-peoples-war-peace-avi-dabush/","90","פעילותו בזכויות אדם ובפריפריה, כולל בדואים ופלסטינים, מציבה ערבים כחלק מהעתיד המשותף."
"אבי דבוש","דעות","יהודים־ערבים, שוויון אזרחי וחיים משותפים","D-032","תמיכה בשוויון אזרחי גם כאשר הוא מחייב שינוי בחוקים, סמלים או חלוקת משאבים","supports","קובץ פרופיל אבי דבוש(7).txt; https://heb.hartman.org.il/person/avi-dabush/; https://www.nadavnishri.co.il/mediation-between-peoples-war-peace-avi-dabush/","84","המסגרת של זכויות אדם ושוויון אזרחי תומכת בשינויים מוסדיים ומשאביים, גם אם לא כל סעיף פורט."
"אבי דבוש","דעות","יהודים־ערבים, שוויון אזרחי וחיים משותפים","D-033","תמיכה בשותפות פוליטית יהודית־ערבית כחלק מבניית מחנה דמוקרטי רחב","supports","קובץ פרופיל אבי דבוש(7).txt; https://www.zman.co.il/677735/; https://www.pardes.co.il/?catnum=978-1-61838-946-6&id=showbook","88","ספרו ופעילותו מחברים יהודים וערבים, והוא פועל בחברה משותפת ובזכויות אדם."
"אבי דבוש","דעות","יהודים־ערבים, שוויון אזרחי וחיים משותפים","D-034","העדפה לשילוב אזרחים ערבים במוקדי קבלת החלטות, כולל בתחומים מדיניים וביטחוניים","mixed","קובץ פרופיל אבי דבוש(7).txt; https://heb.hartman.org.il/person/avi-dabush/; https://www.nadavnishri.co.il/mediation-between-peoples-war-peace-avi-dabush/","55","תומך בשוויון ושותפות, אך לא נמצא בסיס ישיר לשילוב ערבים בהחלטות מדיניות וביטחוניות."
"אבי דבוש","דעות","יהודים־ערבים, שוויון אזרחי וחיים משותפים","D-035","התנגדות לגזענות, הדרה או דה־לגיטימציה של הציבור הערבי בישראל","supports","קובץ פרופיל אבי דבוש(7).txt; https://heb.hartman.org.il/person/avi-dabush/; https://www.nadavnishri.co.il/mediation-between-peoples-war-peace-avi-dabush/","94","כמנכ״ל רבנים לזכויות אדם ופעיל נגד אלימות וגזענות, ההתנגדות לגזענות היא רכיב מרכזי."
"אבי דבוש","דעות","יהודים־ערבים, שוויון אזרחי וחיים משותפים","D-036","הכרה בכך שחיים משותפים מחייבים גם התמודדות עם פחדים, טראומות וחוסר אמון בשני הצדדים","supports","קובץ פרופיל אבי דבוש(7).txt; https://heb.hartman.org.il/person/avi-dabush/; https://www.nadavnishri.co.il/mediation-between-peoples-war-peace-avi-dabush/","92","הוא מדבר על דיאלוג אחרי טראומה ומחזיק יחד כאב, פחד ותקווה מול הפלסטינים."
"אבי דבוש","דעות","ביטחון, פלסטינים והסדר מדיני","D-037","תמיכה בנתיב מדיני ארוך טווח מול הפלסטינים, גם לאחר שבעה באוקטובר","supports","קובץ פרופיל אבי דבוש(7).txt; https://www.i24news.tv/he/news/news/politics/artc-b4c14239; https://www.zman.co.il/677735/","92","גם לאחר 7.10 הוא ממשיך לתמוך בדיאלוג, שלום והסדר מדיני מול הפלסטינים."
"אבי דבוש","דעות","ביטחון, פלסטינים והסדר מדיני","D-038","העדפה להיפרדות מדינית וביטחונית מהפלסטינים כדי לשמור על ישראל יהודית ודמוקרטית","mixed","קובץ פרופיל אבי דבוש(7).txt; https://www.i24news.tv/he/news/news/politics/artc-b4c14239; https://www.zman.co.il/677735/","55","תומך במדינה פלסטינית ובהיפרדות מדינית מסוימת, אך גם בפתרונות של גבולות פתוחים/קונפדרציה."
"אבי דבוש","דעות","ביטחון, פלסטינים והסדר מדיני","D-039","תמיכה בפתרון שתי מדינות או במודל קרוב לו כיעד אסטרטגי","supports","קובץ פרופיל אבי דבוש(7).txt; https://www.i24news.tv/he/news/news/politics/artc-b4c14239; https://www.zman.co.il/677735/","90","מקורות עדכניים מציגים תמיכה במדינה פלסטינית/שתי מדינות."
"אבי דבוש","דעות","ביטחון, פלסטינים והסדר מדיני","D-040","פתיחות למודלים מדיניים מורכבים כגון קונפדרציה, גבולות פתוחים או הסדר אזורי","supports","קובץ פרופיל אבי דבוש(7).txt; https://www.i24news.tv/he/news/news/politics/artc-b4c14239; https://www.zman.co.il/677735/","85","הצטרפות ליוזמת ארץ לכולם ותמיכה במסגרת קונפדרטיבית מעידות על פתיחות למודלים מורכבים."
"אבי דבוש","דעות","ביטחון, פלסטינים והסדר מדיני","D-041","התנגדות להמשך שליטה ישראלית קבועה על אוכלוסייה פלסטינית ללא זכויות אזר מלאות","supports","קובץ פרופיל אבי דבוש(7).txt; https://heb.hartman.org.il/person/avi-dabush/; https://www.nadavnishri.co.il/mediation-between-peoples-war-peace-avi-dabush/","92","פעילותו בשטח להגנה על פלסטינים וזכויות אדם מצביעה על התנגדות לשליטה נטולת זכויות."
"אבי דבוש","דעות","ביטחון, פלסטינים והסדר מדיני","D-042","ראיית הסדר אזורי עם מדינות ערביות מתונות כחלק מרכזי מהעתיד הביטחוני של ישראל","mixed","קובץ פרופיל אבי דבוש(7).txt; https://hagush.org.il/candidates.html; חיפוש רשת כללי","50","יש לו תפיסה מדינית של שותפות ושלום, אך לא נמצא דגש מרכזי על הסדר אזורי עם מדינות ערביות מתונות."
"אבי דבוש","דעות","שבעה באוקטובר, אחריות, חטופים וזיכרון לאומי","D-043","ראיית שבעה באוקטובר כאירוע שמחייב חשבון נפש מדינתי, מוסדי וחברתי עמוק","supports","קובץ פרופיל אבי דבוש(7).txt; https://heb.hartman.org.il/person/avi-dabush/; https://www.srugim.co.il/1302773-הפעיל-החברתי-אבי-דבוש-מצטרף-להדמוקרטים","92","כניצול 7.10 מנירים הוא מציג את האירוע כבסיס לחשבון נפש מדינתי, חברתי ומוסרי."
"אבי דבוש","דעות","שבעה באוקטובר, אחריות, חטופים וזיכרון לאומי","D-044","תמיכה בוועדת חקירה ממלכתית ובאחריות אישית של הדרג המדיני והביטחוני","supports","קובץ פרופיל אבי דבוש(7).txt; https://heb.hartman.org.il/person/avi-dabush/; https://www.srugim.co.il/1302773-הפעיל-החברתי-אבי-דבוש-מצטרף-להדמוקרטים","90","בפרסומיו הוא קורא לוועדת חקירה ממלכתית ולאחריות על 7.10."
"אבי דבוש","דעות","שבעה באוקטובר, אחריות, חטופים וזיכרון לאומי","D-045","ראיית החטופים והמשפחות כסמל מוסרי מרכזי של אחריות המדינה לאזרחיה","supports","קובץ פרופיל אבי דבוש(7).txt; https://heb.hartman.org.il/person/avi-dabush/; https://www.srugim.co.il/1302773-הפעיל-החברתי-אבי-דבוש-מצטרף-להדמוקרטים","80","השתתף בפעילות למען החטופים ומציג את שחרורם כחובה מוסרית."
"אבי דבוש","דעות","שבעה באוקטובר, אחריות, חטופים וזיכרון לאומי","D-046","התנגדות לשימוש פוליטי ציני בכאב של משפחות, נפגעים או קהילות שנפגעו במלחמה","supports","קובץ פרופיל אבי דבוש(7).txt; https://heb.hartman.org.il/person/avi-dabush/; https://www.nadavnishri.co.il/mediation-between-peoples-war-peace-avi-dabush/","75","שיח זכויות האדם והאחריות הציבורית שלו מתנגד לניצול ציני של כאב נפגעים, גם אם לא נמצא ציטוט ישיר."
"אבי דבוש","דעות","שבעה באוקטובר, אחריות, חטופים וזיכרון לאומי","D-047","תמיכה בשיקום העוטף והקהילות שנפגעו כחלק מהחוזה הבסיסי בין המדינה לאזרחיה","supports","קובץ פרופיל אבי דבוש(7).txt; https://www.srugim.co.il/1302773-הפעיל-החברתי-אבי-דבוש-מצטרף-להדמוקרטים; https://www.zman.co.il/677735/","96","הוא מביא את קול העוטף, הנגב והצפון ומדגיש שיקום הפריפריה והקהילות שנפגעו."
"אבי דבוש","דעות","שבעה באוקטובר, אחריות, חטופים וזיכרון לאומי","D-048","ראיית הטראומה של שבעה באוקטובר כבסיס לבניית מדיניות חדשה, לא רק כהצדקה להמשך מלחמה","supports","קובץ פרופיל אבי דבוש(7).txt; https://heb.hartman.org.il/person/avi-dabush/; https://www.nadavnishri.co.il/mediation-between-peoples-war-peace-avi-dabush/","88","שורד 7.10 שממשיך להחזיק עמדה של שלום, דיאלוג ותיקון מדיניות ולא רק המשך מלחמה."
"אבי דבוש","דעות","חברה, כלכלה, רווחה ופריפריה","D-049","הצבת צמצום אי־שוויון חברתי־כלכלי כנושא מרכזי בזהות הפוליטית","supports","קובץ פרופיל אבי דבוש(7).txt; https://www.zman.co.il/677735/; https://www.pardes.co.il/?catnum=978-1-61838-946-6&id=showbook","96","צמצום אי־שוויון, מרכז־פריפריה וצדק חברתי הם ליבת פעילותו וספרו."
"אבי דבוש","דעות","חברה, כלכלה, רווחה ופריפריה","D-050","תמיכה בהרחבת אחריות המדינה בתחומי דיור, חינוך, בריאות ורווחה","supports","קובץ פרופיל אבי דבוש(7).txt; https://www.srugim.co.il/1302773-הפעיל-החברתי-אבי-דבוש-מצטרף-להדמוקרטים; https://www.zman.co.il/677735/","86","הדגש שלו על עובדים, משרתים, פריפריה, חינוך ורווחה תומך באחריות מדינה רחבה."
"אבי דבוש","דעות","חברה, כלכלה, רווחה ופריפריה","D-051","תמיכה בזכויות עובדים, עבודה מאורגנת והגנה על שכבות מוחלשות","supports","קובץ פרופיל אבי דבוש(7).txt; https://heb.hartman.org.il/person/avi-dabush/; https://ha-migdalor.co.il/lecturers/avi-dabush/","94","כיהן כיו״ר כוח לעובדים ופעיל זכויות עובדים."
"אבי דבוש","דעות","חברה, כלכלה, רווחה ופריפריה","D-052","ראיית הפריפריה הגיאוגרפית והחברתית כשותפה אסטרטגית ולא כקהל יעד משני","supports","קובץ פרופיל אבי דבוש(7).txt; https://www.zman.co.il/677735/; https://www.pardes.co.il/?catnum=978-1-61838-946-6&id=showbook","98","הפריפריה היא לב הזהות הפוליטית שלו, לא קהל יעד משני."
"אבי דבוש","דעות","חברה, כלכלה, רווחה ופריפריה","D-053","תמיכה בהשקעה ארוכת טווח בנגב, בגליל, בעוטף ובערים מוחלשות","supports","קובץ פרופיל אבי דבוש(7).txt; https://www.srugim.co.il/1302773-הפעיל-החברתי-אבי-דבוש-מצטרף-להדמוקרטים; https://www.zman.co.il/677735/","92","מייסדי מועצת הנגב, התנועה לעתיד הנגב המערבי ומטה הפריפריות; מדגיש נגב, עוטף וצפון."
"אבי דבוש","דעות","חברה, כלכלה, רווחה ופריפריה","D-054","חיבור בין צדק חברתי לבין בניית מחנה פוליטי חדש ורחב יותר","supports","קובץ פרופיל אבי דבוש(7).txt; https://www.zman.co.il/677735/; https://www.pardes.co.il/?catnum=978-1-61838-946-6&id=showbook","96","מחבר בין צדק חברתי, פריפריה, מסורת ובניית מחנה דמוקרטי רחב."
"אבי דבוש","דעות","סגנון פשרה, גבולות ויכולת הסכמה","D-055","נכונות לפשרות פוליטיות רחבות כדי לשקם את המדינה גם במחיר ויתור אידיאולוגי חלקי","supports","קובץ פרופיל אבי דבוש(7).txt; https://www.zman.co.il/677735/; https://www.pardes.co.il/?catnum=978-1-61838-946-6&id=showbook","78","הוא מכוון לגישור ושיתופי פעולה רחבים בין שמאל, ימין, יהודים, ערבים ופריפריות."
"אבי דבוש","דעות","סגנון פשרה, גבולות ויכולת הסכמה","D-056","הצבת קווים אדומים ברורים שמעליהם אין מקום לפשרה עם יריבים פוליטיים","supports","קובץ פרופיל אבי דבוש(7).txt; https://heb.hartman.org.il/person/avi-dabush/; https://www.nadavnishri.co.il/mediation-between-peoples-war-peace-avi-dabush/","74","לצד גישור, יש לו קווים אדומים ברורים מול גזענות, טרור יהודי ופגיעה בזכויות אדם."
"אבי דבוש","דעות","סגנון פשרה, גבולות ויכולת הסכמה","D-057","העדפה להסכמות רחבות ולאיטיות על פני מהלכים חדים ומהירים","supports","קובץ פרופיל אבי דבוש(7).txt; https://heb.hartman.org.il/person/avi-dabush/; https://www.nadavnishri.co.il/mediation-between-peoples-war-peace-avi-dabush/","80","סגנונו מדגיש בנייה חברתית ארוכת טווח, דיאלוג וקהילה יותר ממהלכים כוחניים מהירים."
"אבי דבוש","דעות","סגנון פשרה, גבולות ויכולת הסכמה","D-058","העדפה למאבק חד וברור כאשר פשרה נתפסת ככניעה לכוחות אנטי־דמוקרטיים","mixed","קובץ פרופיל אבי דבוש(7).txt; https://heb.hartman.org.il/person/avi-dabush/; https://ha-migdalor.co.il/lecturers/avi-dabush/","52","נכון למאבק אזרחי, אך בדרך כלל מעדיף דיאלוג וחיבור על פני מאבק חד בלבד."
"אבי דבוש","דעות","סגנון פשרה, גבולות ויכולת הסכמה","D-059","יכולת להבחין בין פשרה עניינית לבין טשטוש ערכי מסוכן","supports","קובץ פרופיל אבי דבוש(7).txt; https://heb.hartman.org.il/person/avi-dabush/; https://ha-migdalor.co.il/lecturers/avi-dabush/","76","היכולת להחזיק יהדות, זכויות אדם ופריפריה מעידה על הבחנה בין פשרה עניינית לבין ויתור ערכי."
"אבי דבוש","דעות","סגנון פשרה, גבולות ויכולת הסכמה","D-060","נכונות לבנות קואליציות עתידיות עם גורמים שאינם שייכים למחנה הטבעי, אם הם מקבלים כללי משחק דמוקרטיים","supports","קובץ פרופיל אבי דבוש(7).txt; https://www.zman.co.il/677735/; https://www.pardes.co.il/?catnum=978-1-61838-946-6&id=showbook","82","רקעו בחיבור שמאל־ימין, יהודים־ערבים ופריפריות מעיד על נכונות לבנות קואליציות מחוץ למחנה הטבעי."
"אבי דבוש","יכולות","מומחיות מדינית, ביטחונית וממשלית","cap_001","ניסיון ישיר במערכות מדינה בכירות או במוקדי קבלת החלטות","partial","קובץ פרופיל אבי דבוש(7).txt; https://heb.hartman.org.il/person/avi-dabush/; https://ha-migdalor.co.il/lecturers/avi-dabush/","55","אין ניסיון בכיר בממשלה/כנסת, אך יש ניסיון ציבורי־ארגוני משמעותי וניהול ארגונים."
"אבי דבוש","יכולות","מומחיות מדינית, ביטחונית וממשלית","cap_002","הבנה מוכחת של סוגיות מדיניות, ביטחוניות ואזוריות מורכבות","partial","קובץ פרופיל אבי דבוש(7).txt; https://www.i24news.tv/he/news/news/politics/artc-b4c14239; https://www.zman.co.il/677735/","65","יש הבנה מדינית־חברתית סביב הנגב, הפלסטינים ושלום, אך לא מומחיות ביטחונית מקצועית."
"אבי דבוש","יכולות","מומחיות מדינית, ביטחונית וממשלית","cap_003","ניסיון במשא ומתן, דיאלוג אסטרטגי או קשרים בינלאומיים","has","קובץ פרופיל אבי דבוש(7).txt; https://heb.hartman.org.il/person/avi-dabush/; https://www.nadavnishri.co.il/mediation-between-peoples-war-peace-avi-dabush/","75","רקע בהנחיית קבוצות, גישור בין קהילות, דיאלוג ופעילות זכויות אדם מצביע על ניסיון דיאלוגי משמעותי."
"אבי דבוש","יכולות","מומחיות מדינית, ביטחונית וממשלית","cap_004","ניסיון צבאי, מודיעיני או ביטחוני בעל רלוונטיות לעבודה ציבורית","unknown","קובץ פרופיל אבי דבוש(7).txt; https://hagush.org.il/candidates.html; חיפוש רשת כללי","0","לא נמצא תיעוד פומבי מספיק לשירות צבאי, מודיעיני או ביטחוני רלוונטי."
"אבי דבוש","יכולות","מומחיות מדינית, ביטחונית וממשלית","cap_005","יכולת לגבש תפיסה מדינית־ביטחונית סדורה ולא רק עמדה ערכית כללית","has","קובץ פרופיל אבי דבוש(7).txt; https://www.i24news.tv/he/news/news/politics/artc-b4c14239; https://www.zman.co.il/677735/","78","יש לו תפיסה מדינית־חברתית סדורה סביב שתי מדינות/קונפדרציה, זכויות אדם ופריפריה."
"אבי דבוש","יכולות","מומחיות מדינית, ביטחונית וממשלית","cap_006","יכולת לחבר בין יעדים ביטחוניים לבין יעדים מדיניים ארוכי טווח","has","קובץ פרופיל אבי דבוש(7).txt; https://www.i24news.tv/he/news/news/politics/artc-b4c14239; https://www.zman.co.il/677735/","76","מחבר בין ביטחון העוטף, הסדר מדיני, זכויות אדם ושיקום אמון המדינה בפריפריה."
"אבי דבוש","יכולות","ארגון, ניהול וביצוע","cap_007","ניסיון בהקמה וניהול של ארגונים, חברות, תנועות או מטות פעולה","has","קובץ פרופיל אבי דבוש(7).txt; https://heb.hartman.org.il/person/avi-dabush/; https://ha-migdalor.co.il/lecturers/avi-dabush/","94","הקים וניהל בית ספר, עמד בראש כוח לעובדים, מוביל תנועות פריפריה ומנהל רבנים לזכויות אדם."
"אבי דבוש","יכולות","ארגון, ניהול וביצוע","cap_008","יכולת להוביל צוותים, תקציבים, קהילות או מערכות מורכבות","has","קובץ פרופיל אבי דבוש(7).txt; https://heb.hartman.org.il/person/avi-dabush/; https://ha-migdalor.co.il/lecturers/avi-dabush/","90","הוביל ארגונים, קהילות ומאבקים ארציים בתחומי עובדים, סביבה, פריפריה וזכויות אדם."
"אבי דבוש","יכולות","ארגון, ניהול וביצוע","cap_009","הובלת מאבקים ציבוריים שהניבו תוצאות ממשיות","has","קובץ פרופיל אבי דבוש(7).txt; https://heb.hartman.org.il/person/avi-dabush/; https://ha-migdalor.co.il/lecturers/avi-dabush/","92","הוביל מאבקים סביבתיים וחברתיים, כולל מאבק פחמי באשקלון ופעילות פריפריות."
"אבי דבוש","יכולות","ארגון, ניהול וביצוע","cap_010","יכולת להפוך רעיון כללי לתשתית פעולה מתמשכת","has","קובץ פרופיל אבי דבוש(7).txt; https://www.zman.co.il/677735/; https://www.pardes.co.il/?catnum=978-1-61838-946-6&id=showbook","92","הפך רעיונות של פריפריה, יהדות־זכויות אדם ושותפות לתנועות, ספר וארגונים."
"אבי דבוש","יכולות","ארגון, ניהול וביצוע","cap_011","ניסיון בניהול משברים ציבוריים, פוליטיים או ארגוניים","has","קובץ פרופיל אבי דבוש(7).txt; https://heb.hartman.org.il/person/avi-dabush/; https://www.srugim.co.il/1302773-הפעיל-החברתי-אבי-דבוש-מצטרף-להדמוקרטים","78","ניסיון בהתמודדות ציבורית אחרי 7.10, ניהול ארגון זכויות אדם ומאבקים תחת קונפליקט."
"אבי דבוש","יכולות","ארגון, ניהול וביצוע","cap_012","מוכנות לקחת אחריות אישית גבוהה על מהלך ציבורי או ארגוני","has","קובץ פרופיל אבי דבוש(7).txt; https://www.srugim.co.il/1302773-הפעיל-החברתי-אבי-דבוש-מצטרף-להדמוקרטים; https://www.zman.co.il/677735/","86","לקח אחריות ציבורית בתפקידים ניהוליים ובכניסה לפוליטיקה אחרי הטבח בנירים."
"אבי דבוש","יכולות","חקיקה, פוליטיקה ומוסדות","cap_013","ניסיון בעבודה פרלמנטרית, ועדות כנסת, חקיקה או הצעות חוק","partial","קובץ פרופיל אבי דבוש(7).txt; https://heb.hartman.org.il/person/avi-dabush/; https://ha-migdalor.co.il/lecturers/avi-dabush/","58","התמודד ופעל במרצ, אך לא כיהן כח״כ ואין בסיס לחקיקה מעשית משמעותית."
"אבי דבוש","יכולות","חקיקה, פוליטיקה ומוסדות","cap_014","היכרות מעשית עם מנגנוני מפלגות, פריימריז, רשימות וקואליציות","has","קובץ פרופיל אבי דבוש(7).txt; https://heb.hartman.org.il/person/avi-dabush/; https://ha-migdalor.co.il/lecturers/avi-dabush/","75","ניסיון במרצ, התמודדות על ראשותה, הנהלת מרצ והצטרפות לדמוקרטים."
"אבי דבוש","יכולות","חקיקה, פוליטיקה ומוסדות","cap_015","יכולת לפעול בתוך מוסדות קיימים ולא רק מחוץ להם","has","קובץ פרופיל אבי דבוש(7).txt; https://heb.hartman.org.il/person/avi-dabush/; https://ha-migdalor.co.il/lecturers/avi-dabush/","78","פעל גם בתוך מוסדות מפלגתיים וגם בארגוני חברה אזרחית."
"אבי דבוש","יכולות","חקיקה, פוליטיקה ומוסדות","cap_016","ניסיון בבניית תנועה פוליטית, מפלגה או אלטרנטיבה שלטונית","partial","קובץ פרופיל אבי דבוש(7).txt; https://www.zman.co.il/677735/; https://www.pardes.co.il/?catnum=978-1-61838-946-6&id=showbook","65","הוביל תנועות אזרחיות ומטה פריפריות, אך לא הקים מפלגה או אלטרנטיבה שלטונית מלאה."
"אבי דבוש","יכולות","חקיקה, פוליטיקה ומוסדות","cap_017","יכולת לייצר שיתופי פעולה בין זרמים, מפלגות או קבוצות אינטרס","has","קובץ פרופיל אבי דבוש(7).txt; https://www.zman.co.il/677735/; https://www.pardes.co.il/?catnum=978-1-61838-946-6&id=showbook","92","אחד מנכסיו המרכזיים הוא יצירת שיתופי פעולה בין שמאל־ימין, יהודים־ערבים, דתיים־חילונים ופריפריות."
"אבי דבוש","יכולות","חקיקה, פוליטיקה ומוסדות","cap_018","יכולת לתרגם עמדות אידיאולוגיות לפעולות מוסדיות או חקיקתיות","partial","קובץ פרופיל אבי דבוש(7).txt; https://heb.hartman.org.il/person/avi-dabush/; https://ha-migdalor.co.il/lecturers/avi-dabush/","68","יודע לתרגם ערכים לפעילות ארגונית וציבורית, אך פחות לחקיקה פורמלית."
"אבי דבוש","יכולות","תקשורת, הסברה והשפעה ציבורית","cap_019","יכולת ליצור מסרים חדים, ברורים וזכירים","has","קובץ פרופיל אבי דבוש(7).txt; https://www.srugim.co.il/1302773-הפעיל-החברתי-אבי-דבוש-מצטרף-להדמוקרטים; https://www.zman.co.il/677735/","78","המסרים שלו סביב פריפריה, יהדות־חסד, זכויות אדם ו-7.10 ברורים וזכירים."
"אבי דבוש","יכולות","תקשורת, הסברה והשפעה ציבורית","cap_020","יכולת לייצר תוכן דיגיטלי, ויראלי או תקשורתי שמגיע לקהלים רחבים","partial","קובץ פרופיל אבי דבוש(7).txt; https://hagush.org.il/candidates.html; חיפוש רשת כללי","55","יש נוכחות ציבורית ודיגיטלית, אך לא נמצא בסיס למומחיות ויראלית/דיגיטלית כמוקד כוח מרכזי."
"אבי דבוש","יכולות","תקשורת, הסברה והשפעה ציבורית","cap_021","ניסיון בהופעה ציבורית, ראיונות, פודקאסטים, קולנוע, כתיבה או הרצאות","has","קובץ פרופיל אבי דבוש(7).txt; https://heb.hartman.org.il/person/avi-dabush/; https://ha-migdalor.co.il/lecturers/avi-dabush/","88","פובליציסט, מרצה, כותב ספר, מופיע בפודקאסטים ובראיונות."
"אבי דבוש","יכולות","תקשורת, הסברה והשפעה ציבורית","cap_022","יכולת להסביר נושאים מורכבים בשפה נגישה ולא טכנוקרטית","has","קובץ פרופיל אבי דבוש(7).txt; https://www.zman.co.il/677735/; https://www.pardes.co.il/?catnum=978-1-61838-946-6&id=showbook","88","הוא מסביר נושאים מורכבים דרך סיפור אישי, יהדות, פריפריה וזכויות אדם בשפה נגישה."
"אבי דבוש","יכולות","תקשורת, הסברה והשפעה ציבורית","cap_023","יכולת לנהל מאבק תודעתי מול יריבים פוליטיים או תקשורתיים","partial","קובץ פרופיל אבי דבוש(7).txt; https://heb.hartman.org.il/person/avi-dabush/; https://ha-migdalor.co.il/lecturers/avi-dabush/","62","יש ניסיון במאבק ציבורי מול יריבים, אך לא כמי שמומחיותו היא מאבק תודעתי תקשורתי."
"אבי דבוש","יכולות","תקשורת, הסברה והשפעה ציבורית","cap_024","יכולת להפוך סיפור אישי או ערכי לכלי גיוס ציבורי","has","קובץ פרופיל אבי דבוש(7).txt; https://www.zman.co.il/677735/; https://www.pardes.co.il/?catnum=978-1-61838-946-6&id=showbook","96","סיפורו האישי — מזרחי, דתי, פריפריה, ניצול 7.10 וזכויות אדם — הוא כלי גיוס מרכזי."
"אבי דבוש","יכולות","חיבור בין קהלים ועולמות","cap_025","יכולת לחבר בין יהודים לערבים בתוך מסגרת פוליטית או אזרחית משותפת","has","קובץ פרופיל אבי דבוש(7).txt; https://heb.hartman.org.il/person/avi-dabush/; https://www.nadavnishri.co.il/mediation-between-peoples-war-peace-avi-dabush/","90","פועל שנים בחיבור יהודי־ערבי, זכויות אדם, בדואים בנגב ופלסטינים."
"אבי דבוש","יכולות","חיבור בין קהלים ועולמות","cap_026","יכולת לחבר בין שמאל ליברלי לבין פריפריה מזרחית, מסורתית או גיאוגרפית","has","קובץ פרופיל אבי דבוש(7).txt; https://www.zman.co.il/677735/; https://www.pardes.co.il/?catnum=978-1-61838-946-6&id=showbook","98","זהו בדיוק מוקד כוחו: חיבור שמאל ליברלי לפריפריה מזרחית, מסורתית וגיאוגרפית."
"אבי דבוש","יכולות","חיבור בין קהלים ועולמות","cap_027","יכולת לחבר בין עולם המחאה לבין עבודה מפלגתית ומוסדית","has","קובץ פרופיל אבי דבוש(7).txt; https://heb.hartman.org.il/person/avi-dabush/; https://ha-migdalor.co.il/lecturers/avi-dabush/","82","מחבר בין מחאה, חברה אזרחית ופעולה מפלגתית במרצ והדמוקרטים."
"אבי דבוש","יכולות","חיבור בין קהלים ועולמות","cap_028","יכולת לחבר בין היי־טק, חדשנות ודיגיטל לבין פוליטיקה ציבורית","unknown","קובץ פרופיל אבי דבוש(7).txt; https://hagush.org.il/candidates.html; חיפוש רשת כללי","0","לא נמצא בסיס מספיק לחיבור בין היי־טק/חדשנות דיגיטלית לבין פוליטיקה ציבורית."
"אבי דבוש","יכולות","חיבור בין קהלים ועולמות","cap_029","יכולת לחבר בין שפה מקצועית־ביטחונית לבין שפה אזרחית וערכית","partial","קובץ פרופיל אבי דבוש(7).txt; https://www.i24news.tv/he/news/news/politics/artc-b4c14239; https://www.zman.co.il/677735/","62","מסוגל לחבר שפה אזרחית וערכית לסוגיות ביטחון ושלום, אך לא שפה מקצועית־ביטחונית."
"אבי דבוש","יכולות","חיבור בין קהלים ועולמות","cap_030","אמינות מול קהילות שטח ולא רק מול קהל תקשורתי או אליטיסטי","has","קובץ פרופיל אבי דבוש(7).txt; https://www.zman.co.il/677735/; https://www.pardes.co.il/?catnum=978-1-61838-946-6&id=showbook","92","פעילותו בשטח בפריפריות, זכויות אדם וקהילות מקנה אמינות קהילתית רחבה."
"אבי דבוש","יכולות","חדשנות, למידה ושיתוף ציבור","cap_031","שימוש בטכנולוגיה, מידע או כלים דיגיטליים לשיתוף ציבור וארגון פוליטי","partial","קובץ פרופיל אבי דבוש(7).txt; https://hagush.org.il/candidates.html; חיפוש רשת כללי","50","יש שימוש בכלים ציבוריים ודיגיטליים רגילים, אך לא נמצא בסיס לחדשנות טכנולוגית בשיתוף ציבור."
"אבי דבוש","יכולות","חדשנות, למידה ושיתוף ציבור","cap_032","חשיבה מערכתית שמזהה קשרים בין משבר פוליטי, כלכלה, ביטחון וחברה","has","קובץ פרופיל אבי דבוש(7).txt; https://www.zman.co.il/677735/; https://www.pardes.co.il/?catnum=978-1-61838-946-6&id=showbook","88","הוא מחבר בין 7.10, פריפריה, כלכלה, דת, זכויות אדם וביטחון בתפיסה מערכתית."
"אבי דבוש","יכולות","חדשנות, למידה ושיתוף ציבור","cap_033","יזמות בפתרונות לא שגרתיים לבעיות פוליטיות או חברתיות","has","קובץ פרופיל אבי דבוש(7).txt; https://heb.hartman.org.il/person/avi-dabush/; https://ha-migdalor.co.il/lecturers/avi-dabush/","82","היוזמות סביב תנועת הפריפריות, נגב מערבי ויהדות־זכויות אדם מצביעות על יזמות חברתית לא שגרתית."
"אבי דבוש","יכולות","חדשנות, למידה ושיתוף ציבור","cap_034","יכולת ללמוד תחומים חדשים ולהפוך אותם לשפה ציבורית ברורה","has","קובץ פרופיל אבי דבוש(7).txt; https://heb.hartman.org.il/person/avi-dabush/; https://ha-migdalor.co.il/lecturers/avi-dabush/","86","כותב, מרצה ומתרגם תחומים כמו יהדות, פריפריה וזכויות אדם לשפה ציבורית."
"אבי דבוש","יכולות","חדשנות, למידה ושיתוף ציבור","cap_035","שילוב בין ידע מקצועי, ניסיון אישי וערכים פוליטיים","has","קובץ פרופיל אבי דבוש(7).txt; https://www.zman.co.il/677735/; https://www.pardes.co.il/?catnum=978-1-61838-946-6&id=showbook","94","החיבור בין ידע ארגוני, ניסיון אישי ב-7.10, יהדות וערכים פוליטיים הוא ליבת דמותו."
"אבי דבוש","יכולות","חדשנות, למידה ושיתוף ציבור","cap_036","פתיחות לניסויים ארגוניים ודמוקרטיים חדשים ולא רק לשיטות פוליטיות קיימות","has","קובץ פרופיל אבי דבוש(7).txt; https://www.zman.co.il/677735/; https://www.pardes.co.il/?catnum=978-1-61838-946-6&id=showbook","78","פתוח לצורות פעולה קהילתיות, תנועתיות ודיאלוגיות שאינן רק פוליטיקה מפלגתית רגילה."
"רונן צור","תדמית","זהות וייצוג","T-001","המועמד מייצג את הקול הנשי בזירה הציבורית.","opposes","קובץ פרופיל רונן צור(4).txt; https://hagush.org.il/candidates.html; חיפוש רשת כללי","92","המועמד אינו אישה ואין מקור שמציג אותו כמייצג את הקול הנשי."
"רונן צור","תדמית","זהות וייצוג","T-002","המועמד נתפס בציבור הרחב כמי שמבין חסמים ייחודיים של נשים בפוליטיקה, בעבודה ובחברה.","unknown","קובץ פרופיל רונן צור(4).txt; https://hagush.org.il/candidates.html; חיפוש רשת כללי","0","לא נמצא בסיס מספיק לכך שהוא נתפס כמי שמבין חסמים ייחודיים של נשים."
"רונן צור","תדמית","זהות וייצוג","T-003","המועמד נתפס בציבור הרחב כמי שנותן מקום מכבד לקבוצות מיעוט בחברה הישראלית.","mixed","קובץ פרופיל רונן צור(4).txt; https://hagush.org.il/candidates.html; חיפוש רשת כללי","45","מחויבותו לדמוקרטיה ליברלית עשויה לתמוך בכך, אך אין זה רכיב בולט בתדמיתו."
"רונן צור","תדמית","זהות וייצוג","T-004","המועמד נתפס בציבור הרחב כמי שיכול לייצג את בני המיעוטים הלא יהודיים.","unknown","קובץ פרופיל רונן צור(4).txt; https://hagush.org.il/candidates.html; חיפוש רשת כללי","0","לא נמצא בסיס מספיק לכך שהוא יכול לייצג בני מיעוטים לא יהודיים."
"רונן צור","תדמית","זהות וייצוג","T-005","המועמד נתפס בציבור הרחב כמי שמביא את קול הפריפריה או מבין לעומק את צרכיה.","mixed","קובץ פרופיל רונן צור(4).txt; https://www.zman.co.il/496241/; https://www.jdn.co.il/news/2566342/","45","הוא מדבר על פריפריה באסטרטגיה פוליטית, אך אינו מזוהה ציבורית כדמות פריפריאלית."
"רונן צור","תדמית","זהות וייצוג","T-006","המועמד נתפס בציבור הרחב כמי שיכול לצמצם את הפער התדמיתי והמעשי בין המרכז לפריפריה.","mixed","קובץ פרופיל רונן צור(4).txt; https://www.zman.co.il/496241/; https://www.jdn.co.il/news/2566342/","45","יש הבנה פוליטית של הפער, אך לא דימוי ציבורי מובהק של מצמצם מרכז־פריפריה."
"רונן צור","תדמית","זהות וייצוג","T-007","המועמד נתפס בציבור הרחב כמי שמביא גאווה בזהות מזרחית בלי להפוך אותה לשסע מפריד.","unknown","קובץ פרופיל רונן צור(4).txt; https://hagush.org.il/candidates.html; חיפוש רשת כללי","0","לא נמצא בסיס לתדמית של גאווה בזהות מזרחית."
"רונן צור","תדמית","זהות וייצוג","T-008","המועמד נתפס בציבור הרחב כמי שמכבד זהות דתית ומסורתית בתוך מרחב דמוקרטי וליברלי.","mixed","קובץ פרופיל רונן צור(4).txt; https://www.zman.co.il/496241/; https://www.jdn.co.il/news/2566342/","45","אין תדמית דתית־מסורתית מובהקת, אף שהוא מתייחס לציבורים מסורתיים/דתיים בניתוחו."
"רונן צור","תדמית","זהות וייצוג","T-009","המועמד נתפס בציבור הרחב כמי שיכול לגשר בין חילונים, מסורתיים ודתיים.","mixed","קובץ פרופיל רונן צור(4).txt; https://www.zman.co.il/496241/; https://www.jdn.co.il/news/2566342/","45","הוא מזהה צורך בראשי גשר לחברה הדתית, אך התדמית הלוחמנית מגבילה דימוי מגשר."
"רונן צור","תדמית","זהות וייצוג","T-010","המועמד נתפס בציבור הרחב כמי שנוכחותו ברשימה מרחיבה את תחושת הייצוג של קהלים מגוונים.","mixed","קובץ פרופיל רונן צור(4).txt; https://www.zman.co.il/496241/; https://www.jdn.co.il/news/2566342/","52","הוא מביא לרשימה ניסיון תקשורתי ומחאתי, אך לא ייצוג זהותי מגוון מובהק."
"רונן צור","תדמית","זהות וייצוג","T-011","המועמד נתפס בציבור הרחב כמי שמוסיף לרשימה עומק חברתי ולא רק ניסיון פוליטי או תקשורתי.","mixed","קובץ פרופיל רונן צור(4).txt; https://www.zman.co.il/496241/; https://www.jdn.co.il/news/2566342/","50","יש עומק פוליטי ותקשורתי, אך פחות עומק חברתי־קהילתי בהשוואה לפעילים חברתיים."
"רונן צור","תדמית","ממלכתיות ואחריות","T-012","המועמד נתפס בציבור הרחב כבעל עמוד שדרה ערכי.","supports","קובץ פרופיל רונן צור(4).txt; https://www.ynet.co.il/yedioth/article/hkpomdnna; https://www.kipa.co.il/חדשות/1178527-0/","78","נתפס כדמות בעלת עמוד שדרה חד במאבקים דמוקרטיים וחטופים, גם כאשר שנוי במחלוקת."
"רונן צור","תדמית","ממלכתיות ואחריות","T-013","המועמד נתפס בציבור הרחב כדמות ממלכתית ואחראית.","mixed","קובץ פרופיל רונן צור(4).txt; https://www.zman.co.il/496241/; https://www.israelhayom.co.il/news/law/article/16144187","50","יש ניסיון מוסדי, אך הסגנון החריף והמחלוקות סביבו פוגמים בדימוי ממלכתי אחראי."
"רונן צור","תדמית","ממלכתיות ואחריות","T-014","המועמד נתפס בציבור הרחב כמי שמכבד מוסדות מדינה ושלטון חוק.","supports","קובץ פרופיל רונן צור(4).txt; https://www.zman.co.il/496241/; https://103fm.maariv.co.il/programs/media.aspx?ZrqvnVq=JDGEGM&c41t4nzVQ=FJF","70","עמדותיו מדגישות שלטון חוק, הפרדת רשויות ומוסדות דמוקרטיים."
"רונן צור","תדמית","ממלכתיות ואחריות","T-015","המועמד נתפס בציבור הרחב כמי שמסוגל לפעול מתוך שיקול דעת ולא רק מתוך כעס.","mixed","קובץ פרופיל רונן צור(4).txt; https://www.zman.co.il/496241/; https://www.jdn.co.il/news/2566342/","45","הוא מציג ניתוח אסטרטגי, אך הסגנון הציבורי מזוהה מאוד עם כעס ומאבק תקיף."
"רונן צור","תדמית","יושרה, אמינות וניסיון ","T-016","המועמד נתפס בציבור הרחב כמי שפועל מתוך שליחות ולא רק מתוך קריירה.","mixed","קובץ פרופיל רונן צור(4).txt; https://www.zman.co.il/496241/; https://www.israelhayom.co.il/news/law/article/16144187","50","פעילות החטופים והמחאה מעידה על שליחות, אך הקריירה התקשורתית והפוליטית יוצרת גם דימוי קרייריסטי."
"רונן צור","תדמית","יושרה, אמינות וניסיון ","T-017","המועמד נתפס בציבור הרחב כאדם אמין וישר.","mixed","קובץ פרופיל רונן צור(4).txt; https://www.zman.co.il/496241/; https://www.israelhayom.co.il/news/law/article/16144187","45","יש הערכה ליכולותיו, אך גם מחלוקות ציבוריות ומשפטיות שפוגעות בדימוי אמינות חלק בציבור."
"רונן צור","תדמית","יושרה, אמינות וניסיון ","T-018","המועמד נתפס בציבור הרחב כדמות רצינית ולא כגימיק תקשורתי.","supports","קובץ פרופיל רונן צור(4).txt; https://www.jdn.co.il/news/2566342/; https://www.zman.co.il/496241/","70","למרות מחלוקות, מדובר בדמות ציבורית ותיקה ורצינית עם ניסיון רב, לא גימיק נקודתי."
"רונן צור","תדמית","יושרה, אמינות וניסיון ","T-019","המועמד נתפס בציבור הרחב כמי שאפשר לסמוך עליו בתפקיד ציבורי.","mixed","קובץ פרופיל רונן צור(4).txt; https://www.zman.co.il/496241/; https://www.israelhayom.co.il/news/law/article/16144187","55","ניסיונו תומך באמון בתפקיד ציבורי, אך הסגנון והמחלוקות גורמים לתדמית מקוטבת."
"רונן צור","תדמית","יושרה, אמינות וניסיון ","T-020","המועמד נתפס בציבור הרחב כבעל ניסיון ציבורי משמעותי.","supports","קובץ פרופיל רונן צור(4).txt; https://www.jdn.co.il/news/2566342/; https://www.zman.co.il/496241/","90","חבר כנסת לשעבר, יועץ פוליטי בכיר, מנהל מטות ופעיל ציבורי מוכר."
"רונן צור","תדמית","יושרה, אמינות וניסיון ","T-021","המועמד נתפס בציבור הרחב כמי שמבין איך פועלת מערכת פוליטית.","supports","קובץ פרופיל רונן צור(4).txt; https://www.jdn.co.il/news/2566342/; https://www.zman.co.il/496241/","92","ניסיונו במפלגות, קמפיינים, כחול לבן והכנסת מצביע על הבנה עמוקה של מערכת פוליטית."
"רונן צור","תדמית","תקשורתיות ונראות","T-022","המועמד נתפס בציבור הרחב כדמות תקשורתית חזקה.","supports","קובץ פרופיל רונן צור(4).txt; https://www.zman.co.il/496241/; https://www.jdn.co.il/news/2566342/","96","דמות תקשורתית חזקה מאוד: יועץ אסטרטגי, מרואיין ומייצר כותרות."
"רונן צור","תדמית","תקשורתיות ונראות","T-023","המועמד נתפס בציבור הרחב כמי שיודע להעביר מסר ברור.","supports","קובץ פרופיל רונן צור(4).txt; https://www.zman.co.il/496241/; https://www.jdn.co.il/news/2566342/","94","ידוע במסרים חדים, זכירים ולעיתים פרובוקטיביים."
"רונן צור","תדמית","תקשורתיות ונראות","T-024","המועמד נתפס בציבור הרחב כמי שמסוגל לבלוט בקמפיין בחירות.","supports","קובץ פרופיל רונן צור(4).txt; https://www.zman.co.il/496241/; https://www.jdn.co.il/news/2566342/","88","בעל יכולת גבוהה לבלוט בקמפיין בשל תקשורתיות, ניסיון ומחלוקת ציבורית."
"רונן צור","תדמית","תקשורתיות ונראות","T-025","המועמד נתפס בציבור הרחב כמי שמביא ייצוג חשוב לרשימה.","mixed","קובץ פרופיל רונן צור(4).txt; https://www.zman.co.il/496241/; https://www.jdn.co.il/news/2566342/","50","מביא ייצוג של מחאה ותקשורת פוליטית, אך לא ייצוג חברתי/מגזרי מובהק."
"רונן צור","תדמית","תקשורתיות ונראות","T-026","המועמד נתפס בציבור הרחב כמי שמרחיב את הדימוי של המפלגה.","supports","קובץ פרופיל רונן צור(4).txt; https://www.zman.co.il/496241/; https://www.jdn.co.il/news/2566342/","65","יכול להרחיב את דימוי המפלגה לכיוון תקשורתי־לוחמני ומחאתי, גם אם מקטב."
"רונן צור","תדמית","אותנטיות וסיפור אישי","T-027","המועמד נתפס בציבור הרחב כמי שפועל מתוך שליחות ולא רק מתוך קריירה.","mixed","קובץ פרופיל רונן צור(4).txt; https://www.zman.co.il/496241/; https://www.israelhayom.co.il/news/law/article/16144187","50","יש מרכיב של שליחות במטה החטופים ובמחאה, אך דמותו כרוכה גם בקריירת ייעוץ פוליטי־תקשורתי."
"אבי דבוש","תדמית","זהות וייצוג","T-001","המועמד מייצג את הקול הנשי בזירה הציבורית.","opposes","קובץ פרופיל אבי דבוש(7).txt; https://hagush.org.il/candidates.html; חיפוש רשת כללי","92","המועמד אינו אישה ואין מקור המציג אותו כמייצג את הקול הנשי."
"אבי דבוש","תדמית","זהות וייצוג","T-002","המועמד נתפס בציבור הרחב כמי שמבין חסמים ייחודיים של נשים בפוליטיקה, בעבודה ובחברה.","mixed","קובץ פרופיל אבי דבוש(7).txt; https://hagush.org.il/candidates.html; חיפוש רשת כללי","45","מחויבותו לזכויות אדם ושוויון עשויה לתמוך בכך, אך אין בסיס ספציפי חזק לחסמי נשים."
"אבי דבוש","תדמית","זהות וייצוג","T-003","המועמד נתפס בציבור הרחב כמי שנותן מקום מכבד לקבוצות מיעוט בחברה הישראלית.","supports","קובץ פרופיל אבי דבוש(7).txt; https://heb.hartman.org.il/person/avi-dabush/; https://www.nadavnishri.co.il/mediation-between-peoples-war-peace-avi-dabush/","92","נתפס כפעיל זכויות אדם שנותן מקום מכבד למיעוטים, פלסטינים ובדואים."
"אבי דבוש","תדמית","זהות וייצוג","T-004","המועמד נתפס בציבור הרחב כמי שיכול לייצג את בני המיעוטים הלא יהודיים.","mixed","קובץ פרופיל אבי דבוש(7).txt; https://heb.hartman.org.il/person/avi-dabush/; https://www.nadavnishri.co.il/mediation-between-peoples-war-peace-avi-dabush/","60","אינו בן מיעוט לא יהודי, אך פעילותו בזכויות אדם וחיים משותפים עשויה לאפשר ייצוג אמפתי של קולות אלה."
"אבי דבוש","תדמית","זהות וייצוג","T-005","המועמד נתפס בציבור הרחב כמי שמביא את קול הפריפריה או מבין לעומק את צרכיה.","supports","קובץ פרופיל אבי דבוש(7).txt; https://www.zman.co.il/677735/; https://www.pardes.co.il/?catnum=978-1-61838-946-6&id=showbook","98","נתפס באופן מובהק כקול הפריפריה, העוטף, הנגב והמזרחיות."
"אבי דבוש","תדמית","זהות וייצוג","T-006","המועמד נתפס בציבור הרחב כמי שיכול לצמצם את הפער התדמיתי והמעשי בין המרכז לפריפריה.","supports","קובץ פרופיל אבי דבוש(7).txt; https://www.zman.co.il/677735/; https://www.pardes.co.il/?catnum=978-1-61838-946-6&id=showbook","94","פעילותו וכתיבתו מכוונות לצמצום הפער בין המרכז לפריפריה."
"אבי דבוש","תדמית","זהות וייצוג","T-007","המועמד נתפס בציבור הרחב כמי שמביא גאווה בזהות מזרחית בלי להפוך אותה לשסע מפריד.","supports","קובץ פרופיל אבי דבוש(7).txt; https://www.zman.co.il/677735/; https://www.pardes.co.il/?catnum=978-1-61838-946-6&id=showbook","94","מוצאו המזרחי וספרו/פעילותו מציגים גאווה מזרחית שמכוונת לחיבור ולא לשסע."
"אבי דבוש","תדמית","זהות וייצוג","T-008","המועמד נתפס בציבור הרחב כמי שמכבד זהות דתית ומסורתית בתוך מרחב דמוקרטי וליברלי.","supports","קובץ פרופיל אבי דבוש(7).txt; https://heb.hartman.org.il/person/avi-dabush/; https://ha-migdalor.co.il/lecturers/avi-dabush/","96","נתפס כמי שמכבד זהות דתית ומסורתית דרך יהדות ליברלית, בית מדרש לרבנות ישראלית ורבנים לזכויות אדם."
"אבי דבוש","תדמית","זהות וייצוג","T-009","המועמד נתפס בציבור הרחב כמי שיכול לגשר בין חילונים, מסורתיים ודתיים.","supports","קובץ פרופיל אבי דבוש(7).txt; https://heb.hartman.org.il/person/avi-dabush/; https://ha-migdalor.co.il/lecturers/avi-dabush/","92","רקעו הדתי־מסורתי ושיחו הליברלי מאפשרים דימוי של גשר בין חילונים, מסורתיים ודתיים."
"אבי דבוש","תדמית","זהות וייצוג","T-010","המועמד נתפס בציבור הרחב כמי שנוכחותו ברשימה מרחיבה את תחושת הייצוג של קהלים מגוונים.","supports","קובץ פרופיל אבי דבוש(7).txt; https://www.zman.co.il/677735/; https://www.pardes.co.il/?catnum=978-1-61838-946-6&id=showbook","96","נוכחותו מוסיפה ייצוג מזרחי, פריפריאלי, דתי־ליברלי ועוטף."
"אבי דבוש","תדמית","זהות וייצוג","T-011","המועמד נתפס בציבור הרחב כמי שמוסיף לרשימה עומק חברתי ולא רק ניסיון פוליטי או תקשורתי.","supports","קובץ פרופיל אבי דבוש(7).txt; https://heb.hartman.org.il/person/avi-dabush/; https://ha-migdalor.co.il/lecturers/avi-dabush/","94","הוא מוסיף עומק חברתי ברור: פריפריה, עובדים, זכויות אדם, סביבה ועוטף."
"אבי דבוש","תדמית","ממלכתיות ואחריות","T-012","המועמד נתפס בציבור הרחב כבעל עמוד שדרה ערכי.","supports","קובץ פרופיל אבי דבוש(7).txt; https://heb.hartman.org.il/person/avi-dabush/; https://www.nadavnishri.co.il/mediation-between-peoples-war-peace-avi-dabush/","90","נתפס כבעל עמוד שדרה ערכי סביב זכויות אדם, פריפריה ושלום גם לאחר טראומה אישית."
"אבי דבוש","תדמית","ממלכתיות ואחריות","T-013","המועמד נתפס בציבור הרחב כדמות ממלכתית ואחראית.","supports","קובץ פרופיל אבי דבוש(7).txt; https://heb.hartman.org.il/person/avi-dabush/; https://ha-migdalor.co.il/lecturers/avi-dabush/","82","דימויו ציבורי אחראי, ערכי ומדוד, גם כאשר עמדותיו שמאליות מובהקות."
"אבי דבוש","תדמית","ממלכתיות ואחריות","T-014","המועמד נתפס בציבור הרחב כמי שמכבד מוסדות מדינה ושלטון חוק.","supports","קובץ פרופיל אבי דבוש(7).txt; https://heb.hartman.org.il/person/avi-dabush/; https://www.srugim.co.il/1302773-הפעיל-החברתי-אבי-דבוש-מצטרף-להדמוקרטים","82","קורא לוועדת חקירה ממלכתית, אחריות ושלטון חוק, ופועל בארגונים אזרחיים מוסדיים."
"אבי דבוש","תדמית","ממלכתיות ואחריות","T-015","המועמד נתפס בציבור הרחב כמי שמסוגל לפעול מתוך שיקול דעת ולא רק מתוך כעס.","supports","קובץ פרופיל אבי דבוש(7).txt; https://heb.hartman.org.il/person/avi-dabush/; https://www.nadavnishri.co.il/mediation-between-peoples-war-peace-avi-dabush/","86","סגנונו נתפס כקשוב, מגשר ומורכב ולא רק כועס, גם אחרי חוויית 7.10."
"אבי דבוש","תדמית","יושרה, אמינות וניסיון ","T-016","המועמד נתפס בציבור הרחב כמי שפועל מתוך שליחות ולא רק מתוך קריירה.","supports","קובץ פרופיל אבי דבוש(7).txt; https://www.srugim.co.il/1302773-הפעיל-החברתי-אבי-דבוש-מצטרף-להדמוקרטים; https://www.zman.co.il/677735/","90","פועל שנים בזירות חברתיות ולא רק בקריירה פוליטית; הכניסה לפוליטיקה מוצגת כשליחות אחרי 7.10."
"אבי דבוש","תדמית","יושרה, אמינות וניסיון ","T-017","המועמד נתפס בציבור הרחב כאדם אמין וישר.","supports","קובץ פרופיל אבי דבוש(7).txt; https://heb.hartman.org.il/person/avi-dabush/; https://ha-migdalor.co.il/lecturers/avi-dabush/","84","התדמית הציבורית נשענת על פעילות ארוכת שנים, זכויות אדם ופריפריה; אין מחלוקת אמינות מרכזית שעלתה בחומר."
"אבי דבוש","תדמית","יושרה, אמינות וניסיון ","T-018","המועמד נתפס בציבור הרחב כדמות רצינית ולא כגימיק תקשורתי.","supports","קובץ פרופיל אבי דבוש(7).txt; https://heb.hartman.org.il/person/avi-dabush/; https://ha-migdalor.co.il/lecturers/avi-dabush/","88","דמות רצינית ורבת ניסיון — מנהל ארגון, מחבר ספר, פעיל ותיק ומועמד מרצ לשעבר."
"אבי דבוש","תדמית","יושרה, אמינות וניסיון ","T-019","המועמד נתפס בציבור הרחב כמי שאפשר לסמוך עליו בתפקיד ציבורי.","supports","קובץ פרופיל אבי דבוש(7).txt; https://heb.hartman.org.il/person/avi-dabush/; https://ha-migdalor.co.il/lecturers/avi-dabush/","82","ניסיון ניהולי וציבורי עקבי תומך בתדמית של מי שניתן לסמוך עליו בתפקיד ציבורי."
"אבי דבוש","תדמית","יושרה, אמינות וניסיון ","T-020","המועמד נתפס בציבור הרחב כבעל ניסיון ציבורי משמעותי.","supports","קובץ פרופיל אבי דבוש(7).txt; https://heb.hartman.org.il/person/avi-dabush/; https://ha-migdalor.co.il/lecturers/avi-dabush/","88","למעלה מ-20 שנות פעילות ציבורית, ניהול ארגונים והתמודדות פוליטית."
"אבי דבוש","תדמית","יושרה, אמינות וניסיון ","T-021","המועמד נתפס בציבור הרחב כמי שמבין איך פועלת מערכת פוליטית.","supports","קובץ פרופיל אבי דבוש(7).txt; https://heb.hartman.org.il/person/avi-dabush/; https://ha-migdalor.co.il/lecturers/avi-dabush/","78","ניסיון במרצ, במאבקים ציבוריים ובדמוקרטים מצביע על הבנת מערכת פוליטית."
"אבי דבוש","תדמית","תקשורתיות ונראות","T-022","המועמד נתפס בציבור הרחב כדמות תקשורתית חזקה.","supports","קובץ פרופיל אבי דבוש(7).txt; https://heb.hartman.org.il/person/avi-dabush/; https://ha-migdalor.co.il/lecturers/avi-dabush/","70","הוא בעל נראות ציבורית, פובליציסטית ותקשורתית, גם אם אינו יועץ תקשורת מובהק."
"אבי דבוש","תדמית","תקשורתיות ונראות","T-023","המועמד נתפס בציבור הרחב כמי שיודע להעביר מסר ברור.","supports","קובץ פרופיל אבי דבוש(7).txt; https://www.srugim.co.il/1302773-הפעיל-החברתי-אבי-דבוש-מצטרף-להדמוקרטים; https://www.zman.co.il/677735/","82","יודע לנסח מסרים ברורים סביב פריפריה, יהדות, זכויות אדם ושיקום."
"אבי דבוש","תדמית","תקשורתיות ונראות","T-024","המועמד נתפס בציבור הרחב כמי שמסוגל לבלוט בקמפיין בחירות.","supports","קובץ פרופיל אבי דבוש(7).txt; https://www.zman.co.il/677735/; https://www.pardes.co.il/?catnum=978-1-61838-946-6&id=showbook","76","הסיפור האישי והייצוג הייחודי יכולים לבלוט בקמפיין, אף שאינו דמות תקשורתית פרובוקטיבית."
"אבי דבוש","תדמית","תקשורתיות ונראות","T-025","המועמד נתפס בציבור הרחב כמי שמביא ייצוג חשוב לרשימה.","supports","קובץ פרופיל אבי דבוש(7).txt; https://www.zman.co.il/677735/; https://www.pardes.co.il/?catnum=978-1-61838-946-6&id=showbook","96","מביא ייצוג חשוב לפריפריה, מזרחיות, דתיות ליברלית, עוטף וזכויות אדם."
"אבי דבוש","תדמית","תקשורתיות ונראות","T-026","המועמד נתפס בציבור הרחב כמי שמרחיב את הדימוי של המפלגה.","supports","קובץ פרופיל אבי דבוש(7).txt; https://www.zman.co.il/677735/; https://www.pardes.co.il/?catnum=978-1-61838-946-6&id=showbook","94","מרחיב את דימוי המפלגה מעבר למרכז־חילוני־אשכנזי אל פריפריה, מסורת וזכויות אדם."
"אבי דבוש","תדמית","אותנטיות וסיפור אישי","T-027","המועמד נתפס בציבור הרחב כמי שפועל מתוך שליחות ולא רק מתוך קריירה.","supports","קובץ פרופיל אבי דבוש(7).txt; https://www.srugim.co.il/1302773-הפעיל-החברתי-אבי-דבוש-מצטרף-להדמוקרטים; https://www.zman.co.il/677735/","92","דמותו הציבורית מוצגת כשליחות ערכית מתמשכת ולא רק כקריירה פוליטית."
